Run,Assay Type,AvgSpotLen,BioProject,BioSample,Center Name,Consent,DATASTORE filetype,DATASTORE provider,DATASTORE region,Experiment,GEO_Accession,Instrument,LibraryLayout,LibrarySelection,LibrarySource,MBases,MBytes,Organism,Platform,ReleaseDate,sample_acc,Sample Name,source_name,SRA Study,tissue,tumor_type
SRR4343885,RNA-Seq,202,PRJNA345424,SAMN05862144,GEO,public,sra,"gs,ncbi,s3","gs.US,ncbi.public,s3.us-east-1",SRX2210871,GSM2335686,Illumina HiSeq 2000,PAIRED,cDNA,TRANSCRIPTOMIC,1369,837,Homo sapiens,ILLUMINA,2018-01-31T00:00:00Z,SRS1728002,GSM2335686,osteosarcoma,SRP090849,osteosarcoma,metastasis
SRR4343886,RNA-Seq,202,PRJNA345424,SAMN05862144,GEO,public,sra,"gs,ncbi,s3","gs.US,ncbi.public,s3.us-east-1",SRX2210871,GSM2335686,Illumina HiSeq 2000,PAIRED,cDNA,TRANSCRIPTOMIC,1517,946,Homo sapiens,ILLUMINA,2018-01-31T00:00:00Z,SRS1728002,GSM2335686,osteosarcoma,SRP090849,osteosarcoma,metastasis
SRR4343887,RNA-Seq,202,PRJNA345424,SAMN05862144,GEO,public,sra,"gs,ncbi,s3","gs.US,ncbi.public,s3.us-east-1",SRX2210871,GSM2335686,Illumina HiSeq 2000,PAIRED,cDNA,TRANSCRIPTOMIC,1492,935,Homo sapiens,ILLUMINA,2018-01-31T00:00:00Z,SRS1728002,GSM2335686,osteosarcoma,SRP090849,osteosarcoma,metastasis
SRR4343888,RNA-Seq,202,PRJNA345424,SAMN05862144,GEO,public,sra,"gs,ncbi,s3","gs.US,ncbi.public,s3.us-east-1",SRX2210871,GSM2335686,Illumina HiSeq 2000,PAIRED,cDNA,TRANSCRIPTOMIC,1478,925,Homo sapiens,ILLUMINA,2018-01-31T00:00:00Z,SRS1728002,GSM2335686,osteosarcoma,SRP090849,osteosarcoma,metastasis
SRR4343889,RNA-Seq,202,PRJNA345424,SAMN05862144,GEO,public,sra,"gs,ncbi,s3","gs.US,ncbi.public,s3.us-east-1",SRX2210871,GSM2335686,Illumina HiSeq 2000,PAIRED,cDNA,TRANSCRIPTOMIC,1491,943,Homo sapiens,ILLUMINA,2018-01-31T00:00:00Z,SRS1728002,GSM2335686,osteosarcoma,SRP090849,osteosarcoma,metastasis
SRR4343890,RNA-Seq,202,PRJNA345424,SAMN05862144,GEO,public,sra,"gs,ncbi,s3","gs.US,ncbi.public,s3.us-east-1",SRX2210871,GSM2335686,Illumina HiSeq 2000,PAIRED,cDNA,TRANSCRIPTOMIC,1471,925,Homo sapiens,ILLUMINA,2018-01-31T00:00:00Z,SRS1728002,GSM2335686,osteosarcoma,SRP090849,osteosarcoma,metastasis
SRR4343891,RNA-Seq,202,PRJNA345424,SAMN05862143,GEO,public,sra,"gs,ncbi,s3","gs.US,ncbi.public,s3.us-east-1",SRX2210872,GSM2335687,Illumina HiSeq 2000,PAIRED,cDNA,TRANSCRIPTOMIC,1524,932,Homo sapiens,ILLUMINA,2018-01-31T00:00:00Z,SRS1728003,GSM2335687,osteosarcoma,SRP090849,osteosarcoma,primary
SRR4343892,RNA-Seq,202,PRJNA345424,SAMN05862143,GEO,public,sra,"gs,ncbi,s3","gs.US,ncbi.public,s3.us-east-1",SRX2210872,GSM2335687,Illumina HiSeq 2000,PAIRED,cDNA,TRANSCRIPTOMIC,1688,1053,Homo sapiens,ILLUMINA,2018-01-31T00:00:00Z,SRS1728003,GSM2335687,osteosarcoma,SRP090849,osteosarcoma,primary
SRR4343893,RNA-Seq,202,PRJNA345424,SAMN05862143,GEO,public,sra,"gs,ncbi,s3","gs.US,ncbi.public,s3.us-east-1",SRX2210872,GSM2335687,Illumina HiSeq 2000,PAIRED,cDNA,TRANSCRIPTOMIC,1661,1041,Homo sapiens,ILLUMINA,2018-01-31T00:00:00Z,SRS1728003,GSM2335687,osteosarcoma,SRP090849,osteosarcoma,primary
SRR4343894,RNA-Seq,202,PRJNA345424,SAMN05862143,GEO,public,sra,"gs,ncbi,s3","gs.US,ncbi.public,s3.us-east-1",SRX2210872,GSM2335687,Illumina HiSeq 2000,PAIRED,cDNA,TRANSCRIPTOMIC,1641,1028,Homo sapiens,ILLUMINA,2018-01-31T00:00:00Z,SRS1728003,GSM2335687,osteosarcoma,SRP090849,osteosarcoma,primary
SRR4343895,RNA-Seq,202,PRJNA345424,SAMN05862143,GEO,public,sra,"gs,ncbi,s3","gs.US,ncbi.public,s3.us-east-1",SRX2210872,GSM2335687,Illumina HiSeq 2000,PAIRED,cDNA,TRANSCRIPTOMIC,1658,1048,Homo sapiens,ILLUMINA,2018-01-31T00:00:00Z,SRS1728003,GSM2335687,osteosarcoma,SRP090849,osteosarcoma,primary
SRR4343896,RNA-Seq,202,PRJNA345424,SAMN05862143,GEO,public,sra,"gs,ncbi,s3","gs.US,ncbi.public,s3.us-east-1",SRX2210872,GSM2335687,Illumina HiSeq 2000,PAIRED,cDNA,TRANSCRIPTOMIC,1635,1028,Homo sapiens,ILLUMINA,2018-01-31T00:00:00Z,SRS1728003,GSM2335687,osteosarcoma,SRP090849,osteosarcoma,primary
SRR4343897,RNA-Seq,202,PRJNA345424,SAMN05862142,GEO,public,sra,"gs,ncbi,s3","gs.US,ncbi.public,s3.us-east-1",SRX2210873,GSM2335688,Illumina HiSeq 2000,PAIRED,cDNA,TRANSCRIPTOMIC,1318,809,Homo sapiens,ILLUMINA,2018-01-31T00:00:00Z,SRS1728004,GSM2335688,osteosarcoma,SRP090849,osteosarcoma,primary
SRR4343898,RNA-Seq,202,PRJNA345424,SAMN05862142,GEO,public,sra,"gs,ncbi,s3","gs.US,ncbi.public,s3.us-east-1",SRX2210873,GSM2335688,Illumina HiSeq 2000,PAIRED,cDNA,TRANSCRIPTOMIC,1443,903,Homo sapiens,ILLUMINA,2018-01-31T00:00:00Z,SRS1728004,GSM2335688,osteosarcoma,SRP090849,osteosarcoma,primary
SRR4343899,RNA-Seq,202,PRJNA345424,SAMN05862142,GEO,public,sra,"gs,ncbi,s3","gs.US,ncbi.public,s3.us-east-1",SRX2210873,GSM2335688,Illumina HiSeq 2000,PAIRED,cDNA,TRANSCRIPTOMIC,1420,893,Homo sapiens,ILLUMINA,2018-01-31T00:00:00Z,SRS1728004,GSM2335688,osteosarcoma,SRP090849,osteosarcoma,primary
SRR4343900,RNA-Seq,202,PRJNA345424,SAMN05862142,GEO,public,sra,"gs,ncbi,s3","gs.US,ncbi.public,s3.us-east-1",SRX2210873,GSM2335688,Illumina HiSeq 2000,PAIRED,cDNA,TRANSCRIPTOMIC,1401,881,Homo sapiens,ILLUMINA,2018-01-31T00:00:00Z,SRS1728004,GSM2335688,osteosarcoma,SRP090849,osteosarcoma,primary
SRR4343901,RNA-Seq,202,PRJNA345424,SAMN05862142,GEO,public,sra,"gs,ncbi,s3","gs.US,ncbi.public,s3.us-east-1",SRX2210873,GSM2335688,Illumina HiSeq 2000,PAIRED,cDNA,TRANSCRIPTOMIC,1417,899,Homo sapiens,ILLUMINA,2018-01-31T00:00:00Z,SRS1728004,GSM2335688,osteosarcoma,SRP090849,osteosarcoma,primary
SRR4343902,RNA-Seq,202,PRJNA345424,SAMN05862142,GEO,public,sra,"gs,ncbi,s3","gs.US,ncbi.public,s3.us-east-1",SRX2210873,GSM2335688,Illumina HiSeq 2000,PAIRED,cDNA,TRANSCRIPTOMIC,1397,881,Homo sapiens,ILLUMINA,2018-01-31T00:00:00Z,SRS1728004,GSM2335688,osteosarcoma,SRP090849,osteosarcoma,primary
SRR4343903,RNA-Seq,202,PRJNA345424,SAMN05862141,GEO,public,sra,"gs,ncbi,s3","gs.US,ncbi.public,s3.us-east-1",SRX2210874,GSM2335689,Illumina HiSeq 2000,PAIRED,cDNA,TRANSCRIPTOMIC,1400,855,Homo sapiens,ILLUMINA,2018-01-31T00:00:00Z,SRS1728005,GSM2335689,osteosarcoma,SRP090849,osteosarcoma,primary
SRR4343904,RNA-Seq,202,PRJNA345424,SAMN05862141,GEO,public,sra,"gs,ncbi,s3","gs.US,ncbi.public,s3.us-east-1",SRX2210874,GSM2335689,Illumina HiSeq 2000,PAIRED,cDNA,TRANSCRIPTOMIC,1549,965,Homo sapiens,ILLUMINA,2018-01-31T00:00:00Z,SRS1728005,GSM2335689,osteosarcoma,SRP090849,osteosarcoma,primary
SRR4343905,RNA-Seq,202,PRJNA345424,SAMN05862141,GEO,public,sra,"gs,ncbi,s3","gs.US,ncbi.public,s3.us-east-1",SRX2210874,GSM2335689,Illumina HiSeq 2000,PAIRED,cDNA,TRANSCRIPTOMIC,1524,954,Homo sapiens,ILLUMINA,2018-01-31T00:00:00Z,SRS1728005,GSM2335689,osteosarcoma,SRP090849,osteosarcoma,primary
SRR4343906,RNA-Seq,202,PRJNA345424,SAMN05862141,GEO,public,sra,"gs,ncbi,s3","gs.US,ncbi.public,s3.us-east-1",SRX2210874,GSM2335689,Illumina HiSeq 2000,PAIRED,cDNA,TRANSCRIPTOMIC,1506,942,Homo sapiens,ILLUMINA,2018-01-31T00:00:00Z,SRS1728005,GSM2335689,osteosarcoma,SRP090849,osteosarcoma,primary
SRR4343907,RNA-Seq,202,PRJNA345424,SAMN05862141,GEO,public,sra,"gs,ncbi,s3","gs.US,ncbi.public,s3.us-east-1",SRX2210874,GSM2335689,Illumina HiSeq 2000,PAIRED,cDNA,TRANSCRIPTOMIC,1520,960,Homo sapiens,ILLUMINA,2018-01-31T00:00:00Z,SRS1728005,GSM2335689,osteosarcoma,SRP090849,osteosarcoma,primary
SRR4343908,RNA-Seq,202,PRJNA345424,SAMN05862141,GEO,public,sra,"gs,ncbi,s3","gs.US,ncbi.public,s3.us-east-1",SRX2210874,GSM2335689,Illumina HiSeq 2000,PAIRED,cDNA,TRANSCRIPTOMIC,1502,944,Homo sapiens,ILLUMINA,2018-01-31T00:00:00Z,SRS1728005,GSM2335689,osteosarcoma,SRP090849,osteosarcoma,primary
SRR4343909,RNA-Seq,202,PRJNA345424,SAMN05862140,GEO,public,sra,"gs,ncbi,s3","gs.US,ncbi.public,s3.us-east-1",SRX2210875,GSM2335690,Illumina HiSeq 2000,PAIRED,cDNA,TRANSCRIPTOMIC,1335,816,Homo sapiens,ILLUMINA,2018-01-31T00:00:00Z,SRS1728006,GSM2335690,osteosarcoma,SRP090849,osteosarcoma,primary
SRR4343910,RNA-Seq,202,PRJNA345424,SAMN05862140,GEO,public,sra,"gs,ncbi,s3","gs.US,ncbi.public,s3.us-east-1",SRX2210875,GSM2335690,Illumina HiSeq 2000,PAIRED,cDNA,TRANSCRIPTOMIC,1480,923,Homo sapiens,ILLUMINA,2018-01-31T00:00:00Z,SRS1728006,GSM2335690,osteosarcoma,SRP090849,osteosarcoma,primary
SRR4343911,RNA-Seq,202,PRJNA345424,SAMN05862140,GEO,public,sra,"gs,ncbi,s3","gs.US,ncbi.public,s3.us-east-1",SRX2210875,GSM2335690,Illumina HiSeq 2000,PAIRED,cDNA,TRANSCRIPTOMIC,1454,911,Homo sapiens,ILLUMINA,2018-01-31T00:00:00Z,SRS1728006,GSM2335690,osteosarcoma,SRP090849,osteosarcoma,primary
SRR4343912,RNA-Seq,202,PRJNA345424,SAMN05862140,GEO,public,sra,"gs,ncbi,s3","gs.US,ncbi.public,s3.us-east-1",SRX2210875,GSM2335690,Illumina HiSeq 2000,PAIRED,cDNA,TRANSCRIPTOMIC,1438,901,Homo sapiens,ILLUMINA,2018-01-31T00:00:00Z,SRS1728006,GSM2335690,osteosarcoma,SRP090849,osteosarcoma,primary
SRR4343913,RNA-Seq,202,PRJNA345424,SAMN05862140,GEO,public,sra,"gs,ncbi,s3","gs.US,ncbi.public,s3.us-east-1",SRX2210875,GSM2335690,Illumina HiSeq 2000,PAIRED,cDNA,TRANSCRIPTOMIC,1455,920,Homo sapiens,ILLUMINA,2018-01-31T00:00:00Z,SRS1728006,GSM2335690,osteosarcoma,SRP090849,osteosarcoma,primary
SRR4343914,RNA-Seq,202,PRJNA345424,SAMN05862140,GEO,public,sra,"gs,ncbi,s3","gs.US,ncbi.public,s3.us-east-1",SRX2210875,GSM2335690,Illumina HiSeq 2000,PAIRED,cDNA,TRANSCRIPTOMIC,1434,902,Homo sapiens,ILLUMINA,2018-01-31T00:00:00Z,SRS1728006,GSM2335690,osteosarcoma,SRP090849,osteosarcoma,primary
SRR4343915,RNA-Seq,202,PRJNA345424,SAMN05862139,GEO,public,sra,"gs,ncbi,s3","gs.US,ncbi.public,s3.us-east-1",SRX2210876,GSM2335691,Illumina HiSeq 2000,PAIRED,cDNA,TRANSCRIPTOMIC,1420,872,Homo sapiens,ILLUMINA,2018-01-31T00:00:00Z,SRS1728007,GSM2335691,osteosarcoma,SRP090849,osteosarcoma,primary
SRR4343916,RNA-Seq,202,PRJNA345424,SAMN05862139,GEO,public,sra,"gs,ncbi,s3","gs.US,ncbi.public,s3.us-east-1",SRX2210876,GSM2335691,Illumina HiSeq 2000,PAIRED,cDNA,TRANSCRIPTOMIC,1566,980,Homo sapiens,ILLUMINA,2018-01-31T00:00:00Z,SRS1728007,GSM2335691,osteosarcoma,SRP090849,osteosarcoma,primary
SRR4343917,RNA-Seq,202,PRJNA345424,SAMN05862139,GEO,public,sra,"gs,ncbi,s3","gs.US,ncbi.public,s3.us-east-1",SRX2210876,GSM2335691,Illumina HiSeq 2000,PAIRED,cDNA,TRANSCRIPTOMIC,1541,969,Homo sapiens,ILLUMINA,2018-01-31T00:00:00Z,SRS1728007,GSM2335691,osteosarcoma,SRP090849,osteosarcoma,primary
SRR4343918,RNA-Seq,202,PRJNA345424,SAMN05862139,GEO,public,sra,"gs,ncbi,s3","gs.US,ncbi.public,s3.us-east-1",SRX2210876,GSM2335691,Illumina HiSeq 2000,PAIRED,cDNA,TRANSCRIPTOMIC,1519,955,Homo sapiens,ILLUMINA,2018-01-31T00:00:00Z,SRS1728007,GSM2335691,osteosarcoma,SRP090849,osteosarcoma,primary
SRR4343919,RNA-Seq,202,PRJNA345424,SAMN05862139,GEO,public,sra,"gs,ncbi,s3","gs.US,ncbi.public,s3.us-east-1",SRX2210876,GSM2335691,Illumina HiSeq 2000,PAIRED,cDNA,TRANSCRIPTOMIC,1537,976,Homo sapiens,ILLUMINA,2018-01-31T00:00:00Z,SRS1728007,GSM2335691,osteosarcoma,SRP090849,osteosarcoma,primary
SRR4343920,RNA-Seq,202,PRJNA345424,SAMN05862139,GEO,public,sra,"gs,ncbi,s3","gs.US,ncbi.public,s3.us-east-1",SRX2210876,GSM2335691,Illumina HiSeq 2000,PAIRED,cDNA,TRANSCRIPTOMIC,1514,956,Homo sapiens,ILLUMINA,2018-01-31T00:00:00Z,SRS1728007,GSM2335691,osteosarcoma,SRP090849,osteosarcoma,primary
SRR4343921,RNA-Seq,202,PRJNA345424,SAMN05862191,GEO,public,sra,"gs,ncbi,s3","gs.US,ncbi.public,s3.us-east-1",SRX2210877,GSM2335692,Illumina HiSeq 2000,PAIRED,cDNA,TRANSCRIPTOMIC,1367,841,Homo sapiens,ILLUMINA,2018-01-31T00:00:00Z,SRS1728008,GSM2335692,osteosarcoma,SRP090849,osteosarcoma,primary
SRR4343922,RNA-Seq,202,PRJNA345424,SAMN05862191,GEO,public,sra,"gs,ncbi,s3","gs.US,ncbi.public,s3.us-east-1",SRX2210877,GSM2335692,Illumina HiSeq 2000,PAIRED,cDNA,TRANSCRIPTOMIC,1504,943,Homo sapiens,ILLUMINA,2018-01-31T00:00:00Z,SRS1728008,GSM2335692,osteosarcoma,SRP090849,osteosarcoma,primary
SRR4343923,RNA-Seq,202,PRJNA345424,SAMN05862191,GEO,public,sra,"gs,ncbi,s3","gs.US,ncbi.public,s3.us-east-1",SRX2210877,GSM2335692,Illumina HiSeq 2000,PAIRED,cDNA,TRANSCRIPTOMIC,1478,932,Homo sapiens,ILLUMINA,2018-01-31T00:00:00Z,SRS1728008,GSM2335692,osteosarcoma,SRP090849,osteosarcoma,primary
SRR4343924,RNA-Seq,202,PRJNA345424,SAMN05862191,GEO,public,sra,"gs,ncbi,s3","gs.US,ncbi.public,s3.us-east-1",SRX2210877,GSM2335692,Illumina HiSeq 2000,PAIRED,cDNA,TRANSCRIPTOMIC,1459,919,Homo sapiens,ILLUMINA,2018-01-31T00:00:00Z,SRS1728008,GSM2335692,osteosarcoma,SRP090849,osteosarcoma,primary
SRR4343925,RNA-Seq,202,PRJNA345424,SAMN05862191,GEO,public,sra,"gs,ncbi,s3","gs.US,ncbi.public,s3.us-east-1",SRX2210877,GSM2335692,Illumina HiSeq 2000,PAIRED,cDNA,TRANSCRIPTOMIC,1474,937,Homo sapiens,ILLUMINA,2018-01-31T00:00:00Z,SRS1728008,GSM2335692,osteosarcoma,SRP090849,osteosarcoma,primary
SRR4343926,RNA-Seq,202,PRJNA345424,SAMN05862191,GEO,public,sra,"gs,ncbi,s3","gs.US,ncbi.public,s3.us-east-1",SRX2210877,GSM2335692,Illumina HiSeq 2000,PAIRED,cDNA,TRANSCRIPTOMIC,1456,921,Homo sapiens,ILLUMINA,2018-01-31T00:00:00Z,SRS1728008,GSM2335692,osteosarcoma,SRP090849,osteosarcoma,primary
SRR4343927,RNA-Seq,202,PRJNA345424,SAMN05862190,GEO,public,sra,"gs,ncbi,s3","gs.US,ncbi.public,s3.us-east-1",SRX2210878,GSM2335693,Illumina HiSeq 2000,PAIRED,cDNA,TRANSCRIPTOMIC,1354,830,Homo sapiens,ILLUMINA,2018-01-31T00:00:00Z,SRS1728009,GSM2335693,osteosarcoma,SRP090849,osteosarcoma,primary
SRR4343929,RNA-Seq,202,PRJNA345424,SAMN05862190,GEO,public,sra,"gs,ncbi,s3","gs.US,ncbi.public,s3.us-east-1",SRX2210878,GSM2335693,Illumina HiSeq 2000,PAIRED,cDNA,TRANSCRIPTOMIC,1471,924,Homo sapiens,ILLUMINA,2018-01-31T00:00:00Z,SRS1728009,GSM2335693,osteosarcoma,SRP090849,osteosarcoma,primary
SRR4343930,RNA-Seq,202,PRJNA345424,SAMN05862190,GEO,public,sra,"gs,ncbi,s3","gs.US,ncbi.public,s3.us-east-1",SRX2210878,GSM2335693,Illumina HiSeq 2000,PAIRED,cDNA,TRANSCRIPTOMIC,1453,912,Homo sapiens,ILLUMINA,2018-01-31T00:00:00Z,SRS1728009,GSM2335693,osteosarcoma,SRP090849,osteosarcoma,primary
SRR4343931,RNA-Seq,202,PRJNA345424,SAMN05862190,GEO,public,sra,"gs,ncbi,s3","gs.US,ncbi.public,s3.us-east-1",SRX2210878,GSM2335693,Illumina HiSeq 2000,PAIRED,cDNA,TRANSCRIPTOMIC,1470,932,Homo sapiens,ILLUMINA,2018-01-31T00:00:00Z,SRS1728009,GSM2335693,osteosarcoma,SRP090849,osteosarcoma,primary
SRR4343932,RNA-Seq,202,PRJNA345424,SAMN05862190,GEO,public,sra,"gs,ncbi,s3","gs.US,ncbi.public,s3.us-east-1",SRX2210878,GSM2335693,Illumina HiSeq 2000,PAIRED,cDNA,TRANSCRIPTOMIC,1449,913,Homo sapiens,ILLUMINA,2018-01-31T00:00:00Z,SRS1728009,GSM2335693,osteosarcoma,SRP090849,osteosarcoma,primary
SRR4343933,RNA-Seq,202,PRJNA345424,SAMN05862189,GEO,public,sra,"gs,ncbi,s3","gs.US,ncbi.public,s3.us-east-1",SRX2210879,GSM2335694,Illumina HiSeq 2000,PAIRED,cDNA,TRANSCRIPTOMIC,1044,640,Homo sapiens,ILLUMINA,2018-01-31T00:00:00Z,SRS1728010,GSM2335694,osteosarcoma,SRP090849,osteosarcoma,primary
SRR4343934,RNA-Seq,202,PRJNA345424,SAMN05862189,GEO,public,sra,"gs,ncbi,s3","gs.US,ncbi.public,s3.us-east-1",SRX2210879,GSM2335694,Illumina HiSeq 2000,PAIRED,cDNA,TRANSCRIPTOMIC,1152,719,Homo sapiens,ILLUMINA,2018-01-31T00:00:00Z,SRS1728010,GSM2335694,osteosarcoma,SRP090849,osteosarcoma,primary
SRR4343935,RNA-Seq,202,PRJNA345424,SAMN05862189,GEO,public,sra,"gs,ncbi,s3","gs.US,ncbi.public,s3.us-east-1",SRX2210879,GSM2335694,Illumina HiSeq 2000,PAIRED,cDNA,TRANSCRIPTOMIC,1132,710,Homo sapiens,ILLUMINA,2018-01-31T00:00:00Z,SRS1728010,GSM2335694,osteosarcoma,SRP090849,osteosarcoma,primary
SRR4343936,RNA-Seq,202,PRJNA345424,SAMN05862189,GEO,public,sra,"gs,ncbi,s3","gs.US,ncbi.public,s3.us-east-1",SRX2210879,GSM2335694,Illumina HiSeq 2000,PAIRED,cDNA,TRANSCRIPTOMIC,1119,702,Homo sapiens,ILLUMINA,2018-01-31T00:00:00Z,SRS1728010,GSM2335694,osteosarcoma,SRP090849,osteosarcoma,primary
SRR4343937,RNA-Seq,202,PRJNA345424,SAMN05862189,GEO,public,sra,"gs,ncbi,s3","gs.US,ncbi.public,s3.us-east-1",SRX2210879,GSM2335694,Illumina HiSeq 2000,PAIRED,cDNA,TRANSCRIPTOMIC,1131,717,Homo sapiens,ILLUMINA,2018-01-31T00:00:00Z,SRS1728010,GSM2335694,osteosarcoma,SRP090849,osteosarcoma,primary
SRR4343938,RNA-Seq,202,PRJNA345424,SAMN05862189,GEO,public,sra,"gs,ncbi,s3","gs.US,ncbi.public,s3.us-east-1",SRX2210879,GSM2335694,Illumina HiSeq 2000,PAIRED,cDNA,TRANSCRIPTOMIC,1115,703,Homo sapiens,ILLUMINA,2018-01-31T00:00:00Z,SRS1728010,GSM2335694,osteosarcoma,SRP090849,osteosarcoma,primary
SRR4343939,RNA-Seq,202,PRJNA345424,SAMN05862188,GEO,public,sra,"gs,ncbi,s3","gs.US,ncbi.public,s3.us-east-1",SRX2210880,GSM2335695,Illumina HiSeq 2000,PAIRED,cDNA,TRANSCRIPTOMIC,1130,692,Homo sapiens,ILLUMINA,2018-01-31T00:00:00Z,SRS1728011,GSM2335695,osteosarcoma,SRP090849,osteosarcoma,primary
SRR4343940,RNA-Seq,202,PRJNA345424,SAMN05862188,GEO,public,sra,"gs,ncbi,s3","gs.US,ncbi.public,s3.us-east-1",SRX2210880,GSM2335695,Illumina HiSeq 2000,PAIRED,cDNA,TRANSCRIPTOMIC,1255,784,Homo sapiens,ILLUMINA,2018-01-31T00:00:00Z,SRS1728011,GSM2335695,osteosarcoma,SRP090849,osteosarcoma,primary
SRR4343941,RNA-Seq,202,PRJNA345424,SAMN05862188,GEO,public,sra,"gs,ncbi,s3","gs.US,ncbi.public,s3.us-east-1",SRX2210880,GSM2335695,Illumina HiSeq 2000,PAIRED,cDNA,TRANSCRIPTOMIC,1233,775,Homo sapiens,ILLUMINA,2018-01-31T00:00:00Z,SRS1728011,GSM2335695,osteosarcoma,SRP090849,osteosarcoma,primary
SRR4343942,RNA-Seq,202,PRJNA345424,SAMN05862188,GEO,public,sra,"gs,ncbi,s3","gs.US,ncbi.public,s3.us-east-1",SRX2210880,GSM2335695,Illumina HiSeq 2000,PAIRED,cDNA,TRANSCRIPTOMIC,1218,765,Homo sapiens,ILLUMINA,2018-01-31T00:00:00Z,SRS1728011,GSM2335695,osteosarcoma,SRP090849,osteosarcoma,primary
SRR4343943,RNA-Seq,202,PRJNA345424,SAMN05862188,GEO,public,sra,"gs,ncbi,s3","gs.US,ncbi.public,s3.us-east-1",SRX2210880,GSM2335695,Illumina HiSeq 2000,PAIRED,cDNA,TRANSCRIPTOMIC,1232,780,Homo sapiens,ILLUMINA,2018-01-31T00:00:00Z,SRS1728011,GSM2335695,osteosarcoma,SRP090849,osteosarcoma,primary
SRR4343944,RNA-Seq,202,PRJNA345424,SAMN05862188,GEO,public,sra,"gs,ncbi,s3","gs.US,ncbi.public,s3.us-east-1",SRX2210880,GSM2335695,Illumina HiSeq 2000,PAIRED,cDNA,TRANSCRIPTOMIC,1215,765,Homo sapiens,ILLUMINA,2018-01-31T00:00:00Z,SRS1728011,GSM2335695,osteosarcoma,SRP090849,osteosarcoma,primary
SRR4343945,RNA-Seq,202,PRJNA345424,SAMN05862187,GEO,public,sra,"gs,ncbi,s3","gs.US,ncbi.public,s3.us-east-1",SRX2210881,GSM2335696,Illumina HiSeq 2000,PAIRED,cDNA,TRANSCRIPTOMIC,1282,788,Homo sapiens,ILLUMINA,2018-01-31T00:00:00Z,SRS1728012,GSM2335696,osteosarcoma,SRP090849,osteosarcoma,primary
SRR4343946,RNA-Seq,202,PRJNA345424,SAMN05862187,GEO,public,sra,"gs,ncbi,s3","gs.US,ncbi.public,s3.us-east-1",SRX2210881,GSM2335696,Illumina HiSeq 2000,PAIRED,cDNA,TRANSCRIPTOMIC,1385,868,Homo sapiens,ILLUMINA,2018-01-31T00:00:00Z,SRS1728012,GSM2335696,osteosarcoma,SRP090849,osteosarcoma,primary
SRR4343947,RNA-Seq,202,PRJNA345424,SAMN05862187,GEO,public,sra,"gs,ncbi,s3","gs.US,ncbi.public,s3.us-east-1",SRX2210881,GSM2335696,Illumina HiSeq 2000,PAIRED,cDNA,TRANSCRIPTOMIC,1362,857,Homo sapiens,ILLUMINA,2018-01-31T00:00:00Z,SRS1728012,GSM2335696,osteosarcoma,SRP090849,osteosarcoma,primary
SRR4343948,RNA-Seq,202,PRJNA345424,SAMN05862187,GEO,public,sra,"gs,ncbi,s3","gs.US,ncbi.public,s3.us-east-1",SRX2210881,GSM2335696,Illumina HiSeq 2000,PAIRED,cDNA,TRANSCRIPTOMIC,1346,847,Homo sapiens,ILLUMINA,2018-01-31T00:00:00Z,SRS1728012,GSM2335696,osteosarcoma,SRP090849,osteosarcoma,primary
SRR4343949,RNA-Seq,202,PRJNA345424,SAMN05862187,GEO,public,sra,"gs,ncbi,s3","gs.US,ncbi.public,s3.us-east-1",SRX2210881,GSM2335696,Illumina HiSeq 2000,PAIRED,cDNA,TRANSCRIPTOMIC,1359,864,Homo sapiens,ILLUMINA,2018-01-31T00:00:00Z,SRS1728012,GSM2335696,osteosarcoma,SRP090849,osteosarcoma,primary
SRR4343950,RNA-Seq,202,PRJNA345424,SAMN05862187,GEO,public,sra,"gs,ncbi,s3","gs.US,ncbi.public,s3.us-east-1",SRX2210881,GSM2335696,Illumina HiSeq 2000,PAIRED,cDNA,TRANSCRIPTOMIC,1338,846,Homo sapiens,ILLUMINA,2018-01-31T00:00:00Z,SRS1728012,GSM2335696,osteosarcoma,SRP090849,osteosarcoma,primary
SRR4343951,RNA-Seq,202,PRJNA345424,SAMN05862186,GEO,public,sra,"gs,ncbi,s3","gs.US,ncbi.public,s3.us-east-1",SRX2210882,GSM2335697,Illumina HiSeq 2000,PAIRED,cDNA,TRANSCRIPTOMIC,1126,689,Homo sapiens,ILLUMINA,2018-01-31T00:00:00Z,SRS1728013,GSM2335697,osteosarcoma,SRP090849,osteosarcoma,
SRR4343952,RNA-Seq,202,PRJNA345424,SAMN05862186,GEO,public,sra,"gs,ncbi,s3","gs.US,ncbi.public,s3.us-east-1",SRX2210882,GSM2335697,Illumina HiSeq 2000,PAIRED,cDNA,TRANSCRIPTOMIC,1250,780,Homo sapiens,ILLUMINA,2018-01-31T00:00:00Z,SRS1728013,GSM2335697,osteosarcoma,SRP090849,osteosarcoma,
SRR4343953,RNA-Seq,202,PRJNA345424,SAMN05862186,GEO,public,sra,"gs,ncbi,s3","gs.US,ncbi.public,s3.us-east-1",SRX2210882,GSM2335697,Illumina HiSeq 2000,PAIRED,cDNA,TRANSCRIPTOMIC,1229,771,Homo sapiens,ILLUMINA,2018-01-31T00:00:00Z,SRS1728013,GSM2335697,osteosarcoma,SRP090849,osteosarcoma,
SRR4343954,RNA-Seq,202,PRJNA345424,SAMN05862186,GEO,public,sra,"gs,ncbi,s3","gs.US,ncbi.public,s3.us-east-1",SRX2210882,GSM2335697,Illumina HiSeq 2000,PAIRED,cDNA,TRANSCRIPTOMIC,1216,762,Homo sapiens,ILLUMINA,2018-01-31T00:00:00Z,SRS1728013,GSM2335697,osteosarcoma,SRP090849,osteosarcoma,
SRR4343955,RNA-Seq,202,PRJNA345424,SAMN05862186,GEO,public,sra,"gs,ncbi,s3","gs.US,ncbi.public,s3.us-east-1",SRX2210882,GSM2335697,Illumina HiSeq 2000,PAIRED,cDNA,TRANSCRIPTOMIC,1228,777,Homo sapiens,ILLUMINA,2018-01-31T00:00:00Z,SRS1728013,GSM2335697,osteosarcoma,SRP090849,osteosarcoma,
SRR4343956,RNA-Seq,202,PRJNA345424,SAMN05862186,GEO,public,sra,"gs,ncbi,s3","gs.US,ncbi.public,s3.us-east-1",SRX2210882,GSM2335697,Illumina HiSeq 2000,PAIRED,cDNA,TRANSCRIPTOMIC,1212,763,Homo sapiens,ILLUMINA,2018-01-31T00:00:00Z,SRS1728013,GSM2335697,osteosarcoma,SRP090849,osteosarcoma,
SRR4343957,RNA-Seq,202,PRJNA345424,SAMN05862185,GEO,public,sra,"gs,ncbi,s3","gs.US,ncbi.public,s3.us-east-1",SRX2210883,GSM2335698,Illumina HiSeq 2000,PAIRED,cDNA,TRANSCRIPTOMIC,1213,742,Homo sapiens,ILLUMINA,2018-01-31T00:00:00Z,SRS1728014,GSM2335698,osteosarcoma,SRP090849,osteosarcoma,
SRR4343959,RNA-Seq,202,PRJNA345424,SAMN05862185,GEO,public,sra,"gs,ncbi,s3","gs.US,ncbi.public,s3.us-east-1",SRX2210883,GSM2335698,Illumina HiSeq 2000,PAIRED,cDNA,TRANSCRIPTOMIC,1322,829,Homo sapiens,ILLUMINA,2018-01-31T00:00:00Z,SRS1728014,GSM2335698,osteosarcoma,SRP090849,osteosarcoma,
SRR4343960,RNA-Seq,202,PRJNA345424,SAMN05862185,GEO,public,sra,"gs,ncbi,s3","gs.US,ncbi.public,s3.us-east-1",SRX2210883,GSM2335698,Illumina HiSeq 2000,PAIRED,cDNA,TRANSCRIPTOMIC,1305,818,Homo sapiens,ILLUMINA,2018-01-31T00:00:00Z,SRS1728014,GSM2335698,osteosarcoma,SRP090849,osteosarcoma,
SRR4343961,RNA-Seq,202,PRJNA345424,SAMN05862185,GEO,public,sra,"gs,ncbi,s3","gs.US,ncbi.public,s3.us-east-1",SRX2210883,GSM2335698,Illumina HiSeq 2000,PAIRED,cDNA,TRANSCRIPTOMIC,1320,835,Homo sapiens,ILLUMINA,2018-01-31T00:00:00Z,SRS1728014,GSM2335698,osteosarcoma,SRP090849,osteosarcoma,
SRR4343962,RNA-Seq,202,PRJNA345424,SAMN05862185,GEO,public,sra,"gs,ncbi,s3","gs.US,ncbi.public,s3.us-east-1",SRX2210883,GSM2335698,Illumina HiSeq 2000,PAIRED,cDNA,TRANSCRIPTOMIC,1302,819,Homo sapiens,ILLUMINA,2018-01-31T00:00:00Z,SRS1728014,GSM2335698,osteosarcoma,SRP090849,osteosarcoma,
SRR4343963,RNA-Seq,202,PRJNA345424,SAMN05862184,GEO,public,sra,"gs,ncbi,s3","gs.US,ncbi.public,s3.us-east-1",SRX2210884,GSM2335699,Illumina HiSeq 2000,PAIRED,cDNA,TRANSCRIPTOMIC,1262,772,Homo sapiens,ILLUMINA,2018-01-31T00:00:00Z,SRS1728015,GSM2335699,osteosarcoma,SRP090849,osteosarcoma,
SRR4343964,RNA-Seq,202,PRJNA345424,SAMN05862184,GEO,public,sra,"gs,ncbi,s3","gs.US,ncbi.public,s3.us-east-1",SRX2210884,GSM2335699,Illumina HiSeq 2000,PAIRED,cDNA,TRANSCRIPTOMIC,1402,875,Homo sapiens,ILLUMINA,2018-01-31T00:00:00Z,SRS1728015,GSM2335699,osteosarcoma,SRP090849,osteosarcoma,
SRR4343965,RNA-Seq,202,PRJNA345424,SAMN05862184,GEO,public,sra,"gs,ncbi,s3","gs.US,ncbi.public,s3.us-east-1",SRX2210884,GSM2335699,Illumina HiSeq 2000,PAIRED,cDNA,TRANSCRIPTOMIC,1377,863,Homo sapiens,ILLUMINA,2018-01-31T00:00:00Z,SRS1728015,GSM2335699,osteosarcoma,SRP090849,osteosarcoma,
SRR4343966,RNA-Seq,202,PRJNA345424,SAMN05862184,GEO,public,sra,"gs,ncbi,s3","gs.US,ncbi.public,s3.us-east-1",SRX2210884,GSM2335699,Illumina HiSeq 2000,PAIRED,cDNA,TRANSCRIPTOMIC,1361,853,Homo sapiens,ILLUMINA,2018-01-31T00:00:00Z,SRS1728015,GSM2335699,osteosarcoma,SRP090849,osteosarcoma,
SRR4343967,RNA-Seq,202,PRJNA345424,SAMN05862184,GEO,public,sra,"gs,ncbi,s3","gs.US,ncbi.public,s3.us-east-1",SRX2210884,GSM2335699,Illumina HiSeq 2000,PAIRED,cDNA,TRANSCRIPTOMIC,1374,870,Homo sapiens,ILLUMINA,2018-01-31T00:00:00Z,SRS1728015,GSM2335699,osteosarcoma,SRP090849,osteosarcoma,
SRR4343968,RNA-Seq,202,PRJNA345424,SAMN05862184,GEO,public,sra,"gs,ncbi,s3","gs.US,ncbi.public,s3.us-east-1",SRX2210884,GSM2335699,Illumina HiSeq 2000,PAIRED,cDNA,TRANSCRIPTOMIC,1358,854,Homo sapiens,ILLUMINA,2018-01-31T00:00:00Z,SRS1728015,GSM2335699,osteosarcoma,SRP090849,osteosarcoma,
SRR4343969,RNA-Seq,202,PRJNA345424,SAMN05862183,GEO,public,sra,"gs,ncbi,s3","gs.US,ncbi.public,s3.us-east-1",SRX2210885,GSM2335700,Illumina HiSeq 2000,PAIRED,cDNA,TRANSCRIPTOMIC,1204,738,Homo sapiens,ILLUMINA,2018-01-31T00:00:00Z,SRS1728016,GSM2335700,osteosarcoma,SRP090849,osteosarcoma,primary
SRR4343970,RNA-Seq,202,PRJNA345424,SAMN05862183,GEO,public,sra,"gs,ncbi,s3","gs.US,ncbi.public,s3.us-east-1",SRX2210885,GSM2335700,Illumina HiSeq 2000,PAIRED,cDNA,TRANSCRIPTOMIC,1333,833,Homo sapiens,ILLUMINA,2018-01-31T00:00:00Z,SRS1728016,GSM2335700,osteosarcoma,SRP090849,osteosarcoma,primary
SRR4343971,RNA-Seq,202,PRJNA345424,SAMN05862183,GEO,public,sra,"gs,ncbi,s3","gs.US,ncbi.public,s3.us-east-1",SRX2210885,GSM2335700,Illumina HiSeq 2000,PAIRED,cDNA,TRANSCRIPTOMIC,1311,824,Homo sapiens,ILLUMINA,2018-01-31T00:00:00Z,SRS1728016,GSM2335700,osteosarcoma,SRP090849,osteosarcoma,primary
SRR4343972,RNA-Seq,202,PRJNA345424,SAMN05862183,GEO,public,sra,"gs,ncbi,s3","gs.US,ncbi.public,s3.us-east-1",SRX2210885,GSM2335700,Illumina HiSeq 2000,PAIRED,cDNA,TRANSCRIPTOMIC,1296,814,Homo sapiens,ILLUMINA,2018-01-31T00:00:00Z,SRS1728016,GSM2335700,osteosarcoma,SRP090849,osteosarcoma,primary
SRR4343973,RNA-Seq,202,PRJNA345424,SAMN05862183,GEO,public,sra,"gs,ncbi,s3","gs.US,ncbi.public,s3.us-east-1",SRX2210885,GSM2335700,Illumina HiSeq 2000,PAIRED,cDNA,TRANSCRIPTOMIC,1311,831,Homo sapiens,ILLUMINA,2018-01-31T00:00:00Z,SRS1728016,GSM2335700,osteosarcoma,SRP090849,osteosarcoma,primary
SRR4343974,RNA-Seq,202,PRJNA345424,SAMN05862183,GEO,public,sra,"gs,ncbi,s3","gs.US,ncbi.public,s3.us-east-1",SRX2210885,GSM2335700,Illumina HiSeq 2000,PAIRED,cDNA,TRANSCRIPTOMIC,1293,815,Homo sapiens,ILLUMINA,2018-01-31T00:00:00Z,SRS1728016,GSM2335700,osteosarcoma,SRP090849,osteosarcoma,primary
SRR4343975,RNA-Seq,202,PRJNA345424,SAMN05862182,GEO,public,sra,"gs,ncbi,s3","gs.US,ncbi.public,s3.us-east-1",SRX2210886,GSM2335701,Illumina HiSeq 2000,PAIRED,cDNA,TRANSCRIPTOMIC,928,570,Homo sapiens,ILLUMINA,2018-01-31T00:00:00Z,SRS1728017,GSM2335701,osteosarcoma,SRP090849,osteosarcoma,primary
SRR4343976,RNA-Seq,202,PRJNA345424,SAMN05862182,GEO,public,sra,"gs,ncbi,s3","gs.US,ncbi.public,s3.us-east-1",SRX2210886,GSM2335701,Illumina HiSeq 2000,PAIRED,cDNA,TRANSCRIPTOMIC,1029,644,Homo sapiens,ILLUMINA,2018-01-31T00:00:00Z,SRS1728017,GSM2335701,osteosarcoma,SRP090849,osteosarcoma,primary
SRR4343977,RNA-Seq,202,PRJNA345424,SAMN05862182,GEO,public,sra,"gs,ncbi,s3","gs.US,ncbi.public,s3.us-east-1",SRX2210886,GSM2335701,Illumina HiSeq 2000,PAIRED,cDNA,TRANSCRIPTOMIC,1012,637,Homo sapiens,ILLUMINA,2018-01-31T00:00:00Z,SRS1728017,GSM2335701,osteosarcoma,SRP090849,osteosarcoma,primary
SRR4343978,RNA-Seq,202,PRJNA345424,SAMN05862182,GEO,public,sra,"gs,ncbi,s3","gs.US,ncbi.public,s3.us-east-1",SRX2210886,GSM2335701,Illumina HiSeq 2000,PAIRED,cDNA,TRANSCRIPTOMIC,1000,629,Homo sapiens,ILLUMINA,2018-01-31T00:00:00Z,SRS1728017,GSM2335701,osteosarcoma,SRP090849,osteosarcoma,primary
SRR4343979,RNA-Seq,202,PRJNA345424,SAMN05862182,GEO,public,sra,"gs,ncbi,s3","gs.US,ncbi.public,s3.us-east-1",SRX2210886,GSM2335701,Illumina HiSeq 2000,PAIRED,cDNA,TRANSCRIPTOMIC,1009,641,Homo sapiens,ILLUMINA,2018-01-31T00:00:00Z,SRS1728017,GSM2335701,osteosarcoma,SRP090849,osteosarcoma,primary
SRR4343980,RNA-Seq,202,PRJNA345424,SAMN05862182,GEO,public,sra,"gs,ncbi,s3","gs.US,ncbi.public,s3.us-east-1",SRX2210886,GSM2335701,Illumina HiSeq 2000,PAIRED,cDNA,TRANSCRIPTOMIC,997,630,Homo sapiens,ILLUMINA,2018-01-31T00:00:00Z,SRS1728017,GSM2335701,osteosarcoma,SRP090849,osteosarcoma,primary
SRR4343981,RNA-Seq,202,PRJNA345424,SAMN05862181,GEO,public,sra,"gs,ncbi,s3","gs.US,ncbi.public,s3.us-east-1",SRX2210887,GSM2335702,Illumina HiSeq 2000,PAIRED,cDNA,TRANSCRIPTOMIC,1373,841,Homo sapiens,ILLUMINA,2018-01-31T00:00:00Z,SRS1728018,GSM2335702,osteosarcoma,SRP090849,osteosarcoma,primary
SRR4343982,RNA-Seq,202,PRJNA345424,SAMN05862181,GEO,public,sra,"gs,ncbi,s3","gs.US,ncbi.public,s3.us-east-1",SRX2210887,GSM2335702,Illumina HiSeq 2000,PAIRED,cDNA,TRANSCRIPTOMIC,1518,948,Homo sapiens,ILLUMINA,2018-01-31T00:00:00Z,SRS1728018,GSM2335702,osteosarcoma,SRP090849,osteosarcoma,primary
SRR4343983,RNA-Seq,202,PRJNA345424,SAMN05862181,GEO,public,sra,"gs,ncbi,s3","gs.US,ncbi.public,s3.us-east-1",SRX2210887,GSM2335702,Illumina HiSeq 2000,PAIRED,cDNA,TRANSCRIPTOMIC,1494,938,Homo sapiens,ILLUMINA,2018-01-31T00:00:00Z,SRS1728018,GSM2335702,osteosarcoma,SRP090849,osteosarcoma,primary
SRR4343984,RNA-Seq,202,PRJNA345424,SAMN05862181,GEO,public,sra,"gs,ncbi,s3","gs.US,ncbi.public,s3.us-east-1",SRX2210887,GSM2335702,Illumina HiSeq 2000,PAIRED,cDNA,TRANSCRIPTOMIC,1475,926,Homo sapiens,ILLUMINA,2018-01-31T00:00:00Z,SRS1728018,GSM2335702,osteosarcoma,SRP090849,osteosarcoma,primary
SRR4343985,RNA-Seq,202,PRJNA345424,SAMN05862181,GEO,public,sra,"gs,ncbi,s3","gs.US,ncbi.public,s3.us-east-1",SRX2210887,GSM2335702,Illumina HiSeq 2000,PAIRED,cDNA,TRANSCRIPTOMIC,1492,945,Homo sapiens,ILLUMINA,2018-01-31T00:00:00Z,SRS1728018,GSM2335702,osteosarcoma,SRP090849,osteosarcoma,primary
SRR4343986,RNA-Seq,202,PRJNA345424,SAMN05862181,GEO,public,sra,"gs,ncbi,s3","gs.US,ncbi.public,s3.us-east-1",SRX2210887,GSM2335702,Illumina HiSeq 2000,PAIRED,cDNA,TRANSCRIPTOMIC,1472,927,Homo sapiens,ILLUMINA,2018-01-31T00:00:00Z,SRS1728018,GSM2335702,osteosarcoma,SRP090849,osteosarcoma,primary
SRR4343987,RNA-Seq,202,PRJNA345424,SAMN05862180,GEO,public,sra,"gs,ncbi,s3","gs.US,ncbi.public,s3.us-east-1",SRX2210888,GSM2335703,Illumina HiSeq 2000,PAIRED,cDNA,TRANSCRIPTOMIC,1375,833,Homo sapiens,ILLUMINA,2018-01-31T00:00:00Z,SRS1728019,GSM2335703,osteosarcoma,SRP090849,osteosarcoma,primary
SRR4343988,RNA-Seq,202,PRJNA345424,SAMN05862180,GEO,public,sra,"gs,ncbi,s3","gs.US,ncbi.public,s3.us-east-1",SRX2210888,GSM2335703,Illumina HiSeq 2000,PAIRED,cDNA,TRANSCRIPTOMIC,1527,945,Homo sapiens,ILLUMINA,2018-01-31T00:00:00Z,SRS1728019,GSM2335703,osteosarcoma,SRP090849,osteosarcoma,primary
SRR4343989,RNA-Seq,202,PRJNA345424,SAMN05862180,GEO,public,sra,"gs,ncbi,s3","gs.US,ncbi.public,s3.us-east-1",SRX2210888,GSM2335703,Illumina HiSeq 2000,PAIRED,cDNA,TRANSCRIPTOMIC,1502,934,Homo sapiens,ILLUMINA,2018-01-31T00:00:00Z,SRS1728019,GSM2335703,osteosarcoma,SRP090849,osteosarcoma,primary
SRR4343990,RNA-Seq,202,PRJNA345424,SAMN05862180,GEO,public,sra,"gs,ncbi,s3","gs.US,ncbi.public,s3.us-east-1",SRX2210888,GSM2335703,Illumina HiSeq 2000,PAIRED,cDNA,TRANSCRIPTOMIC,1484,922,Homo sapiens,ILLUMINA,2018-01-31T00:00:00Z,SRS1728019,GSM2335703,osteosarcoma,SRP090849,osteosarcoma,primary
SRR4343991,RNA-Seq,202,PRJNA345424,SAMN05862180,GEO,public,sra,"gs,ncbi,s3","gs.US,ncbi.public,s3.us-east-1",SRX2210888,GSM2335703,Illumina HiSeq 2000,PAIRED,cDNA,TRANSCRIPTOMIC,1501,941,Homo sapiens,ILLUMINA,2018-01-31T00:00:00Z,SRS1728019,GSM2335703,osteosarcoma,SRP090849,osteosarcoma,primary
SRR4343992,RNA-Seq,202,PRJNA345424,SAMN05862180,GEO,public,sra,"gs,ncbi,s3","gs.US,ncbi.public,s3.us-east-1",SRX2210888,GSM2335703,Illumina HiSeq 2000,PAIRED,cDNA,TRANSCRIPTOMIC,1479,923,Homo sapiens,ILLUMINA,2018-01-31T00:00:00Z,SRS1728019,GSM2335703,osteosarcoma,SRP090849,osteosarcoma,primary
SRR4343993,RNA-Seq,202,PRJNA345424,SAMN05862179,GEO,public,sra,"gs,ncbi,s3","gs.US,ncbi.public,s3.us-east-1",SRX2210889,GSM2335704,Illumina HiSeq 2000,PAIRED,cDNA,TRANSCRIPTOMIC,1594,969,Homo sapiens,ILLUMINA,2018-01-31T00:00:00Z,SRS1728020,GSM2335704,osteosarcoma,SRP090849,osteosarcoma,primary
SRR4343994,RNA-Seq,202,PRJNA345424,SAMN05862179,GEO,public,sra,"gs,ncbi,s3","gs.US,ncbi.public,s3.us-east-1",SRX2210889,GSM2335704,Illumina HiSeq 2000,PAIRED,cDNA,TRANSCRIPTOMIC,1764,1095,Homo sapiens,ILLUMINA,2018-01-31T00:00:00Z,SRS1728020,GSM2335704,osteosarcoma,SRP090849,osteosarcoma,primary
SRR4343995,RNA-Seq,202,PRJNA345424,SAMN05862179,GEO,public,sra,"gs,ncbi,s3","gs.US,ncbi.public,s3.us-east-1",SRX2210889,GSM2335704,Illumina HiSeq 2000,PAIRED,cDNA,TRANSCRIPTOMIC,1737,1084,Homo sapiens,ILLUMINA,2018-01-31T00:00:00Z,SRS1728020,GSM2335704,osteosarcoma,SRP090849,osteosarcoma,primary
SRR4343996,RNA-Seq,202,PRJNA345424,SAMN05862179,GEO,public,sra,"gs,ncbi,s3","gs.US,ncbi.public,s3.us-east-1",SRX2210889,GSM2335704,Illumina HiSeq 2000,PAIRED,cDNA,TRANSCRIPTOMIC,1713,1069,Homo sapiens,ILLUMINA,2018-01-31T00:00:00Z,SRS1728020,GSM2335704,osteosarcoma,SRP090849,osteosarcoma,primary
SRR4343997,RNA-Seq,202,PRJNA345424,SAMN05862179,GEO,public,sra,"gs,ncbi,s3","gs.US,ncbi.public,s3.us-east-1",SRX2210889,GSM2335704,Illumina HiSeq 2000,PAIRED,cDNA,TRANSCRIPTOMIC,1733,1091,Homo sapiens,ILLUMINA,2018-01-31T00:00:00Z,SRS1728020,GSM2335704,osteosarcoma,SRP090849,osteosarcoma,primary
SRR4343998,RNA-Seq,202,PRJNA345424,SAMN05862179,GEO,public,sra,"gs,ncbi,s3","gs.US,ncbi.public,s3.us-east-1",SRX2210889,GSM2335704,Illumina HiSeq 2000,PAIRED,cDNA,TRANSCRIPTOMIC,1708,1069,Homo sapiens,ILLUMINA,2018-01-31T00:00:00Z,SRS1728020,GSM2335704,osteosarcoma,SRP090849,osteosarcoma,primary
SRR4343999,RNA-Seq,202,PRJNA345424,SAMN05862178,GEO,public,sra,"gs,ncbi,s3","gs.US,ncbi.public,s3.us-east-1",SRX2210890,GSM2335705,Illumina HiSeq 2000,PAIRED,cDNA,TRANSCRIPTOMIC,1273,774,Homo sapiens,ILLUMINA,2018-01-31T00:00:00Z,SRS1728021,GSM2335705,osteosarcoma,SRP090849,osteosarcoma,primary
SRR4344000,RNA-Seq,202,PRJNA345424,SAMN05862178,GEO,public,sra,"gs,ncbi,s3","gs.US,ncbi.public,s3.us-east-1",SRX2210890,GSM2335705,Illumina HiSeq 2000,PAIRED,cDNA,TRANSCRIPTOMIC,1411,876,Homo sapiens,ILLUMINA,2018-01-31T00:00:00Z,SRS1728021,GSM2335705,osteosarcoma,SRP090849,osteosarcoma,primary
SRR4344001,RNA-Seq,202,PRJNA345424,SAMN05862178,GEO,public,sra,"gs,ncbi,s3","gs.US,ncbi.public,s3.us-east-1",SRX2210890,GSM2335705,Illumina HiSeq 2000,PAIRED,cDNA,TRANSCRIPTOMIC,1390,867,Homo sapiens,ILLUMINA,2018-01-31T00:00:00Z,SRS1728021,GSM2335705,osteosarcoma,SRP090849,osteosarcoma,primary
SRR4344002,RNA-Seq,202,PRJNA345424,SAMN05862178,GEO,public,sra,"gs,ncbi,s3","gs.US,ncbi.public,s3.us-east-1",SRX2210890,GSM2335705,Illumina HiSeq 2000,PAIRED,cDNA,TRANSCRIPTOMIC,1371,855,Homo sapiens,ILLUMINA,2018-01-31T00:00:00Z,SRS1728021,GSM2335705,osteosarcoma,SRP090849,osteosarcoma,primary
SRR4344003,RNA-Seq,202,PRJNA345424,SAMN05862178,GEO,public,sra,"gs,ncbi,s3","gs.US,ncbi.public,s3.us-east-1",SRX2210890,GSM2335705,Illumina HiSeq 2000,PAIRED,cDNA,TRANSCRIPTOMIC,1386,872,Homo sapiens,ILLUMINA,2018-01-31T00:00:00Z,SRS1728021,GSM2335705,osteosarcoma,SRP090849,osteosarcoma,primary
SRR4344004,RNA-Seq,202,PRJNA345424,SAMN05862178,GEO,public,sra,"gs,ncbi,s3","gs.US,ncbi.public,s3.us-east-1",SRX2210890,GSM2335705,Illumina HiSeq 2000,PAIRED,cDNA,TRANSCRIPTOMIC,1366,855,Homo sapiens,ILLUMINA,2018-01-31T00:00:00Z,SRS1728021,GSM2335705,osteosarcoma,SRP090849,osteosarcoma,primary
SRR4344005,RNA-Seq,202,PRJNA345424,SAMN05862177,GEO,public,sra,"gs,ncbi,s3","gs.US,ncbi.public,s3.us-east-1",SRX2210891,GSM2335706,Illumina HiSeq 2000,PAIRED,cDNA,TRANSCRIPTOMIC,1481,896,Homo sapiens,ILLUMINA,2018-01-31T00:00:00Z,SRS1728022,GSM2335706,osteosarcoma,SRP090849,osteosarcoma,primary
SRR4344006,RNA-Seq,202,PRJNA345424,SAMN05862177,GEO,public,sra,"gs,ncbi,s3","gs.US,ncbi.public,s3.us-east-1",SRX2210891,GSM2335706,Illumina HiSeq 2000,PAIRED,cDNA,TRANSCRIPTOMIC,1644,1016,Homo sapiens,ILLUMINA,2018-01-31T00:00:00Z,SRS1728022,GSM2335706,osteosarcoma,SRP090849,osteosarcoma,primary
SRR4344007,RNA-Seq,202,PRJNA345424,SAMN05862177,GEO,public,sra,"gs,ncbi,s3","gs.US,ncbi.public,s3.us-east-1",SRX2210891,GSM2335706,Illumina HiSeq 2000,PAIRED,cDNA,TRANSCRIPTOMIC,1618,1005,Homo sapiens,ILLUMINA,2018-01-31T00:00:00Z,SRS1728022,GSM2335706,osteosarcoma,SRP090849,osteosarcoma,primary
SRR4344008,RNA-Seq,202,PRJNA345424,SAMN05862177,GEO,public,sra,"gs,ncbi,s3","gs.US,ncbi.public,s3.us-east-1",SRX2210891,GSM2335706,Illumina HiSeq 2000,PAIRED,cDNA,TRANSCRIPTOMIC,1600,993,Homo sapiens,ILLUMINA,2018-01-31T00:00:00Z,SRS1728022,GSM2335706,osteosarcoma,SRP090849,osteosarcoma,primary
SRR4344009,RNA-Seq,202,PRJNA345424,SAMN05862177,GEO,public,sra,"gs,ncbi,s3","gs.US,ncbi.public,s3.us-east-1",SRX2210891,GSM2335706,Illumina HiSeq 2000,PAIRED,cDNA,TRANSCRIPTOMIC,1616,1012,Homo sapiens,ILLUMINA,2018-01-31T00:00:00Z,SRS1728022,GSM2335706,osteosarcoma,SRP090849,osteosarcoma,primary
SRR4344010,RNA-Seq,202,PRJNA345424,SAMN05862177,GEO,public,sra,"gs,ncbi,s3","gs.US,ncbi.public,s3.us-east-1",SRX2210891,GSM2335706,Illumina HiSeq 2000,PAIRED,cDNA,TRANSCRIPTOMIC,1594,993,Homo sapiens,ILLUMINA,2018-01-31T00:00:00Z,SRS1728022,GSM2335706,osteosarcoma,SRP090849,osteosarcoma,primary
SRR4344011,RNA-Seq,202,PRJNA345424,SAMN05862176,GEO,public,sra,"gs,ncbi,s3","gs.US,ncbi.public,s3.us-east-1",SRX2210892,GSM2335707,Illumina HiSeq 2000,PAIRED,cDNA,TRANSCRIPTOMIC,1248,757,Homo sapiens,ILLUMINA,2018-01-31T00:00:00Z,SRS1728023,GSM2335707,osteosarcoma,SRP090849,osteosarcoma,primary
SRR4344012,RNA-Seq,202,PRJNA345424,SAMN05862176,GEO,public,sra,"gs,ncbi,s3","gs.US,ncbi.public,s3.us-east-1",SRX2210892,GSM2335707,Illumina HiSeq 2000,PAIRED,cDNA,TRANSCRIPTOMIC,1380,855,Homo sapiens,ILLUMINA,2018-01-31T00:00:00Z,SRS1728023,GSM2335707,osteosarcoma,SRP090849,osteosarcoma,primary
SRR4344013,RNA-Seq,202,PRJNA345424,SAMN05862176,GEO,public,sra,"gs,ncbi,s3","gs.US,ncbi.public,s3.us-east-1",SRX2210892,GSM2335707,Illumina HiSeq 2000,PAIRED,cDNA,TRANSCRIPTOMIC,1356,844,Homo sapiens,ILLUMINA,2018-01-31T00:00:00Z,SRS1728023,GSM2335707,osteosarcoma,SRP090849,osteosarcoma,primary
SRR4344014,RNA-Seq,202,PRJNA345424,SAMN05862176,GEO,public,sra,"gs,ncbi,s3","gs.US,ncbi.public,s3.us-east-1",SRX2210892,GSM2335707,Illumina HiSeq 2000,PAIRED,cDNA,TRANSCRIPTOMIC,1341,834,Homo sapiens,ILLUMINA,2018-01-31T00:00:00Z,SRS1728023,GSM2335707,osteosarcoma,SRP090849,osteosarcoma,primary
SRR4344015,RNA-Seq,202,PRJNA345424,SAMN05862176,GEO,public,sra,"gs,ncbi,s3","gs.US,ncbi.public,s3.us-east-1",SRX2210892,GSM2335707,Illumina HiSeq 2000,PAIRED,cDNA,TRANSCRIPTOMIC,1355,851,Homo sapiens,ILLUMINA,2018-01-31T00:00:00Z,SRS1728023,GSM2335707,osteosarcoma,SRP090849,osteosarcoma,primary
SRR4344016,RNA-Seq,202,PRJNA345424,SAMN05862176,GEO,public,sra,"gs,ncbi,s3","gs.US,ncbi.public,s3.us-east-1",SRX2210892,GSM2335707,Illumina HiSeq 2000,PAIRED,cDNA,TRANSCRIPTOMIC,1336,834,Homo sapiens,ILLUMINA,2018-01-31T00:00:00Z,SRS1728023,GSM2335707,osteosarcoma,SRP090849,osteosarcoma,primary
SRR4344017,RNA-Seq,202,PRJNA345424,SAMN05862175,GEO,public,sra,"gs,ncbi,s3","gs.US,ncbi.public,s3.us-east-1",SRX2210893,GSM2335708,Illumina HiSeq 2000,PAIRED,cDNA,TRANSCRIPTOMIC,1282,778,Homo sapiens,ILLUMINA,2018-01-31T00:00:00Z,SRS1728024,GSM2335708,osteosarcoma,SRP090849,osteosarcoma,
SRR4344018,RNA-Seq,202,PRJNA345424,SAMN05862175,GEO,public,sra,"gs,ncbi,s3","gs.US,ncbi.public,s3.us-east-1",SRX2210893,GSM2335708,Illumina HiSeq 2000,PAIRED,cDNA,TRANSCRIPTOMIC,1417,878,Homo sapiens,ILLUMINA,2018-01-31T00:00:00Z,SRS1728024,GSM2335708,osteosarcoma,SRP090849,osteosarcoma,
SRR4344019,RNA-Seq,202,PRJNA345424,SAMN05862175,GEO,public,sra,"gs,ncbi,s3","gs.US,ncbi.public,s3.us-east-1",SRX2210893,GSM2335708,Illumina HiSeq 2000,PAIRED,cDNA,TRANSCRIPTOMIC,1393,867,Homo sapiens,ILLUMINA,2018-01-31T00:00:00Z,SRS1728024,GSM2335708,osteosarcoma,SRP090849,osteosarcoma,
SRR4344020,RNA-Seq,202,PRJNA345424,SAMN05862175,GEO,public,sra,"gs,ncbi,s3","gs.US,ncbi.public,s3.us-east-1",SRX2210893,GSM2335708,Illumina HiSeq 2000,PAIRED,cDNA,TRANSCRIPTOMIC,1376,857,Homo sapiens,ILLUMINA,2018-01-31T00:00:00Z,SRS1728024,GSM2335708,osteosarcoma,SRP090849,osteosarcoma,
SRR4344021,RNA-Seq,202,PRJNA345424,SAMN05862175,GEO,public,sra,"gs,ncbi,s3","gs.US,ncbi.public,s3.us-east-1",SRX2210893,GSM2335708,Illumina HiSeq 2000,PAIRED,cDNA,TRANSCRIPTOMIC,1392,875,Homo sapiens,ILLUMINA,2018-01-31T00:00:00Z,SRS1728024,GSM2335708,osteosarcoma,SRP090849,osteosarcoma,
SRR4344022,RNA-Seq,202,PRJNA345424,SAMN05862175,GEO,public,sra,"gs,ncbi,s3","gs.US,ncbi.public,s3.us-east-1",SRX2210893,GSM2335708,Illumina HiSeq 2000,PAIRED,cDNA,TRANSCRIPTOMIC,1372,858,Homo sapiens,ILLUMINA,2018-01-31T00:00:00Z,SRS1728024,GSM2335708,osteosarcoma,SRP090849,osteosarcoma,
SRR4344023,RNA-Seq,202,PRJNA345424,SAMN05862174,GEO,public,sra,"gs,ncbi,s3","gs.US,ncbi.public,s3.us-east-1",SRX2210894,GSM2335709,Illumina HiSeq 2000,PAIRED,cDNA,TRANSCRIPTOMIC,1313,795,Homo sapiens,ILLUMINA,2018-01-31T00:00:00Z,SRS1728025,GSM2335709,osteosarcoma,SRP090849,osteosarcoma,
SRR4344024,RNA-Seq,202,PRJNA345424,SAMN05862174,GEO,public,sra,"gs,ncbi,s3","gs.US,ncbi.public,s3.us-east-1",SRX2210894,GSM2335709,Illumina HiSeq 2000,PAIRED,cDNA,TRANSCRIPTOMIC,1456,901,Homo sapiens,ILLUMINA,2018-01-31T00:00:00Z,SRS1728025,GSM2335709,osteosarcoma,SRP090849,osteosarcoma,
SRR4344025,RNA-Seq,202,PRJNA345424,SAMN05862174,GEO,public,sra,"gs,ncbi,s3","gs.US,ncbi.public,s3.us-east-1",SRX2210894,GSM2335709,Illumina HiSeq 2000,PAIRED,cDNA,TRANSCRIPTOMIC,1434,891,Homo sapiens,ILLUMINA,2018-01-31T00:00:00Z,SRS1728025,GSM2335709,osteosarcoma,SRP090849,osteosarcoma,
SRR4344026,RNA-Seq,202,PRJNA345424,SAMN05862174,GEO,public,sra,"gs,ncbi,s3","gs.US,ncbi.public,s3.us-east-1",SRX2210894,GSM2335709,Illumina HiSeq 2000,PAIRED,cDNA,TRANSCRIPTOMIC,1414,879,Homo sapiens,ILLUMINA,2018-01-31T00:00:00Z,SRS1728025,GSM2335709,osteosarcoma,SRP090849,osteosarcoma,
SRR4344027,RNA-Seq,202,PRJNA345424,SAMN05862174,GEO,public,sra,"gs,ncbi,s3","gs.US,ncbi.public,s3.us-east-1",SRX2210894,GSM2335709,Illumina HiSeq 2000,PAIRED,cDNA,TRANSCRIPTOMIC,1432,898,Homo sapiens,ILLUMINA,2018-01-31T00:00:00Z,SRS1728025,GSM2335709,osteosarcoma,SRP090849,osteosarcoma,
SRR4344028,RNA-Seq,202,PRJNA345424,SAMN05862174,GEO,public,sra,"gs,ncbi,s3","gs.US,ncbi.public,s3.us-east-1",SRX2210894,GSM2335709,Illumina HiSeq 2000,PAIRED,cDNA,TRANSCRIPTOMIC,1411,880,Homo sapiens,ILLUMINA,2018-01-31T00:00:00Z,SRS1728025,GSM2335709,osteosarcoma,SRP090849,osteosarcoma,
SRR4344029,RNA-Seq,202,PRJNA345424,SAMN05862173,GEO,public,sra,"gs,ncbi,s3","gs.US,ncbi.public,s3.us-east-1",SRX2210895,GSM2335710,Illumina HiSeq 2000,PAIRED,cDNA,TRANSCRIPTOMIC,4723,3019,Homo sapiens,ILLUMINA,2018-01-31T00:00:00Z,SRS1728026,GSM2335710,osteosarcoma,SRP090849,osteosarcoma,
SRR4344030,RNA-Seq,202,PRJNA345424,SAMN05862173,GEO,public,sra,"gs,ncbi,s3","gs.US,ncbi.public,s3.us-east-1",SRX2210895,GSM2335710,Illumina HiSeq 2000,PAIRED,cDNA,TRANSCRIPTOMIC,4718,3023,Homo sapiens,ILLUMINA,2018-01-31T00:00:00Z,SRS1728026,GSM2335710,osteosarcoma,SRP090849,osteosarcoma,
SRR4344031,RNA-Seq,202,PRJNA345424,SAMN05862172,GEO,public,sra,"gs,ncbi,s3","gs.US,ncbi.public,s3.us-east-1",SRX2210896,GSM2335711,Illumina HiSeq 2000,PAIRED,cDNA,TRANSCRIPTOMIC,5040,3221,Homo sapiens,ILLUMINA,2018-01-31T00:00:00Z,SRS1728027,GSM2335711,osteosarcoma,SRP090849,osteosarcoma,
SRR4344032,RNA-Seq,202,PRJNA345424,SAMN05862172,GEO,public,sra,"gs,ncbi,s3","gs.US,ncbi.public,s3.us-east-1",SRX2210896,GSM2335711,Illumina HiSeq 2000,PAIRED,cDNA,TRANSCRIPTOMIC,5032,3223,Homo sapiens,ILLUMINA,2018-01-31T00:00:00Z,SRS1728027,GSM2335711,osteosarcoma,SRP090849,osteosarcoma,
SRR4344033,RNA-Seq,202,PRJNA345424,SAMN05862171,GEO,public,sra,"gs,ncbi,s3","gs.US,ncbi.public,s3.us-east-1",SRX2210897,GSM2335712,Illumina HiSeq 2000,PAIRED,cDNA,TRANSCRIPTOMIC,4617,2953,Homo sapiens,ILLUMINA,2018-01-31T00:00:00Z,SRS1728028,GSM2335712,osteosarcoma,SRP090849,osteosarcoma,metastasis
SRR4344034,RNA-Seq,202,PRJNA345424,SAMN05862171,GEO,public,sra,"gs,ncbi,s3","gs.US,ncbi.public,s3.us-east-1",SRX2210897,GSM2335712,Illumina HiSeq 2000,PAIRED,cDNA,TRANSCRIPTOMIC,4606,2953,Homo sapiens,ILLUMINA,2018-01-31T00:00:00Z,SRS1728028,GSM2335712,osteosarcoma,SRP090849,osteosarcoma,metastasis
SRR4344035,RNA-Seq,202,PRJNA345424,SAMN05862170,GEO,public,sra,"gs,ncbi,s3","gs.US,ncbi.public,s3.us-east-1",SRX2210898,GSM2335713,Illumina HiSeq 2000,PAIRED,cDNA,TRANSCRIPTOMIC,4718,3011,Homo sapiens,ILLUMINA,2018-01-31T00:00:00Z,SRS1728029,GSM2335713,osteosarcoma,SRP090849,osteosarcoma,metastasis
SRR4344036,RNA-Seq,202,PRJNA345424,SAMN05862170,GEO,public,sra,"gs,ncbi,s3","gs.US,ncbi.public,s3.us-east-1",SRX2210898,GSM2335713,Illumina HiSeq 2000,PAIRED,cDNA,TRANSCRIPTOMIC,4714,3016,Homo sapiens,ILLUMINA,2018-01-31T00:00:00Z,SRS1728029,GSM2335713,osteosarcoma,SRP090849,osteosarcoma,metastasis
SRR4344037,RNA-Seq,202,PRJNA345424,SAMN05862169,GEO,public,sra,"gs,ncbi,s3","gs.US,ncbi.public,s3.us-east-1",SRX2210899,GSM2335714,Illumina HiSeq 2000,PAIRED,cDNA,TRANSCRIPTOMIC,4898,3119,Homo sapiens,ILLUMINA,2018-01-31T00:00:00Z,SRS1728030,GSM2335714,osteosarcoma,SRP090849,osteosarcoma,primary
SRR4344038,RNA-Seq,202,PRJNA345424,SAMN05862169,GEO,public,sra,"gs,ncbi,s3","gs.US,ncbi.public,s3.us-east-1",SRX2210899,GSM2335714,Illumina HiSeq 2000,PAIRED,cDNA,TRANSCRIPTOMIC,4891,3123,Homo sapiens,ILLUMINA,2018-01-31T00:00:00Z,SRS1728030,GSM2335714,osteosarcoma,SRP090849,osteosarcoma,primary
SRR4344039,RNA-Seq,202,PRJNA345424,SAMN05862168,GEO,public,sra,"gs,ncbi,s3","gs.US,ncbi.public,s3.us-east-1",SRX2210900,GSM2335715,Illumina HiSeq 2000,PAIRED,cDNA,TRANSCRIPTOMIC,4589,2939,Homo sapiens,ILLUMINA,2018-01-31T00:00:00Z,SRS1728031,GSM2335715,osteosarcoma,SRP090849,osteosarcoma,metastasis
SRR4344040,RNA-Seq,202,PRJNA345424,SAMN05862168,GEO,public,sra,"gs,ncbi,s3","gs.US,ncbi.public,s3.us-east-1",SRX2210900,GSM2335715,Illumina HiSeq 2000,PAIRED,cDNA,TRANSCRIPTOMIC,4590,2947,Homo sapiens,ILLUMINA,2018-01-31T00:00:00Z,SRS1728031,GSM2335715,osteosarcoma,SRP090849,osteosarcoma,metastasis
SRR4344041,RNA-Seq,202,PRJNA345424,SAMN05862167,GEO,public,sra,"gs,ncbi,s3","gs.US,ncbi.public,s3.us-east-1",SRX2210901,GSM2335716,Illumina HiSeq 2000,PAIRED,cDNA,TRANSCRIPTOMIC,5326,3405,Homo sapiens,ILLUMINA,2018-01-31T00:00:00Z,SRS1728032,GSM2335716,osteosarcoma,SRP090849,osteosarcoma,metastasis
SRR4344042,RNA-Seq,202,PRJNA345424,SAMN05862167,GEO,public,sra,"gs,ncbi,s3","gs.US,ncbi.public,s3.us-east-1",SRX2210901,GSM2335716,Illumina HiSeq 2000,PAIRED,cDNA,TRANSCRIPTOMIC,5324,3412,Homo sapiens,ILLUMINA,2018-01-31T00:00:00Z,SRS1728032,GSM2335716,osteosarcoma,SRP090849,osteosarcoma,metastasis
SRR4344043,RNA-Seq,202,PRJNA345424,SAMN05862166,GEO,public,sra,"gs,ncbi,s3","gs.US,ncbi.public,s3.us-east-1",SRX2210902,GSM2335717,Illumina HiSeq 2000,PAIRED,cDNA,TRANSCRIPTOMIC,4276,2735,Homo sapiens,ILLUMINA,2018-01-31T00:00:00Z,SRS1728033,GSM2335717,osteosarcoma,SRP090849,osteosarcoma,metastasis
SRR4344044,RNA-Seq,202,PRJNA345424,SAMN05862166,GEO,public,sra,"gs,ncbi,s3","gs.US,ncbi.public,s3.us-east-1",SRX2210902,GSM2335717,Illumina HiSeq 2000,PAIRED,cDNA,TRANSCRIPTOMIC,4293,2753,Homo sapiens,ILLUMINA,2018-01-31T00:00:00Z,SRS1728033,GSM2335717,osteosarcoma,SRP090849,osteosarcoma,metastasis
SRR4344045,RNA-Seq,202,PRJNA345424,SAMN05862165,GEO,public,sra,"gs,ncbi,s3","gs.US,ncbi.public,s3.us-east-1",SRX2210903,GSM2335718,Illumina HiSeq 2000,PAIRED,cDNA,TRANSCRIPTOMIC,4788,3102,Homo sapiens,ILLUMINA,2018-01-31T00:00:00Z,SRS1728034,GSM2335718,osteosarcoma,SRP090849,osteosarcoma,metastasis
SRR4344046,RNA-Seq,202,PRJNA345424,SAMN05862165,GEO,public,sra,"gs,ncbi,s3","gs.US,ncbi.public,s3.us-east-1",SRX2210903,GSM2335718,Illumina HiSeq 2000,PAIRED,cDNA,TRANSCRIPTOMIC,5050,3353,Homo sapiens,ILLUMINA,2018-01-31T00:00:00Z,SRS1728034,GSM2335718,osteosarcoma,SRP090849,osteosarcoma,metastasis
SRR4344047,RNA-Seq,202,PRJNA345424,SAMN05862164,GEO,public,sra,"gs,ncbi,s3","gs.US,ncbi.public,s3.us-east-1",SRX2210904,GSM2335719,Illumina HiSeq 2000,PAIRED,cDNA,TRANSCRIPTOMIC,4029,2596,Homo sapiens,ILLUMINA,2018-01-31T00:00:00Z,SRS1728035,GSM2335719,osteosarcoma,SRP090849,osteosarcoma,metastasis
SRR4344048,RNA-Seq,202,PRJNA345424,SAMN05862164,GEO,public,sra,"gs,ncbi,s3","gs.US,ncbi.public,s3.us-east-1",SRX2210904,GSM2335719,Illumina HiSeq 2000,PAIRED,cDNA,TRANSCRIPTOMIC,4445,2939,Homo sapiens,ILLUMINA,2018-01-31T00:00:00Z,SRS1728035,GSM2335719,osteosarcoma,SRP090849,osteosarcoma,metastasis
SRR4344049,RNA-Seq,202,PRJNA345424,SAMN05862163,GEO,public,sra,"gs,ncbi,s3","gs.US,ncbi.public,s3.us-east-1",SRX2210905,GSM2335720,Illumina HiSeq 2000,PAIRED,cDNA,TRANSCRIPTOMIC,4674,3015,Homo sapiens,ILLUMINA,2018-01-31T00:00:00Z,SRS1728036,GSM2335720,osteosarcoma,SRP090849,osteosarcoma,primary
SRR4344050,RNA-Seq,202,PRJNA345424,SAMN05862163,GEO,public,sra,"gs,ncbi,s3","gs.US,ncbi.public,s3.us-east-1",SRX2210905,GSM2335720,Illumina HiSeq 2000,PAIRED,cDNA,TRANSCRIPTOMIC,5155,3411,Homo sapiens,ILLUMINA,2018-01-31T00:00:00Z,SRS1728036,GSM2335720,osteosarcoma,SRP090849,osteosarcoma,primary
SRR4344051,RNA-Seq,202,PRJNA345424,SAMN05862162,GEO,public,sra,"gs,ncbi,s3","gs.US,ncbi.public,s3.us-east-1",SRX2210906,GSM2335721,Illumina HiSeq 2000,PAIRED,cDNA,TRANSCRIPTOMIC,5541,3583,Homo sapiens,ILLUMINA,2018-01-31T00:00:00Z,SRS1728037,GSM2335721,osteosarcoma,SRP090849,osteosarcoma,metastasis
SRR4344052,RNA-Seq,202,PRJNA345424,SAMN05862162,GEO,public,sra,"gs,ncbi,s3","gs.US,ncbi.public,s3.us-east-1",SRX2210906,GSM2335721,Illumina HiSeq 2000,PAIRED,cDNA,TRANSCRIPTOMIC,6109,4051,Homo sapiens,ILLUMINA,2018-01-31T00:00:00Z,SRS1728037,GSM2335721,osteosarcoma,SRP090849,osteosarcoma,metastasis
SRR4344053,RNA-Seq,202,PRJNA345424,SAMN05862161,GEO,public,sra,"gs,ncbi,s3","gs.US,ncbi.public,s3.us-east-1",SRX2210907,GSM2335722,Illumina HiSeq 2000,PAIRED,cDNA,TRANSCRIPTOMIC,4717,3049,Homo sapiens,ILLUMINA,2018-01-31T00:00:00Z,SRS1728038,GSM2335722,osteosarcoma,SRP090849,osteosarcoma,primary
SRR4344054,RNA-Seq,202,PRJNA345424,SAMN05862161,GEO,public,sra,"gs,ncbi,s3","gs.US,ncbi.public,s3.us-east-1",SRX2210907,GSM2335722,Illumina HiSeq 2000,PAIRED,cDNA,TRANSCRIPTOMIC,5182,3436,Homo sapiens,ILLUMINA,2018-01-31T00:00:00Z,SRS1728038,GSM2335722,osteosarcoma,SRP090849,osteosarcoma,primary
SRR4344055,RNA-Seq,202,PRJNA345424,SAMN05862160,GEO,public,sra,"gs,ncbi,s3","gs.US,ncbi.public,s3.us-east-1",SRX2210908,GSM2335723,Illumina HiSeq 2000,PAIRED,cDNA,TRANSCRIPTOMIC,4084,2653,Homo sapiens,ILLUMINA,2018-01-31T00:00:00Z,SRS1728039,GSM2335723,osteosarcoma,SRP090849,osteosarcoma,primary
SRR4344056,RNA-Seq,202,PRJNA345424,SAMN05862160,GEO,public,sra,"gs,ncbi,s3","gs.US,ncbi.public,s3.us-east-1",SRX2210908,GSM2335723,Illumina HiSeq 2000,PAIRED,cDNA,TRANSCRIPTOMIC,4468,2977,Homo sapiens,ILLUMINA,2018-01-31T00:00:00Z,SRS1728039,GSM2335723,osteosarcoma,SRP090849,osteosarcoma,primary
SRR4344057,RNA-Seq,202,PRJNA345424,SAMN05862159,GEO,public,sra,"gs,ncbi,s3","gs.US,ncbi.public,s3.us-east-1",SRX2210909,GSM2335724,Illumina HiSeq 2000,PAIRED,cDNA,TRANSCRIPTOMIC,5471,3550,Homo sapiens,ILLUMINA,2018-01-31T00:00:00Z,SRS1728040,GSM2335724,osteosarcoma,SRP090849,osteosarcoma,primary
SRR4344058,RNA-Seq,202,PRJNA345424,SAMN05862159,GEO,public,sra,"gs,ncbi,s3","gs.US,ncbi.public,s3.us-east-1",SRX2210909,GSM2335724,Illumina HiSeq 2000,PAIRED,cDNA,TRANSCRIPTOMIC,5998,3990,Homo sapiens,ILLUMINA,2018-01-31T00:00:00Z,SRS1728040,GSM2335724,osteosarcoma,SRP090849,osteosarcoma,primary
SRR4344059,RNA-Seq,202,PRJNA345424,SAMN05862158,GEO,public,sra,"gs,ncbi,s3","gs.US,ncbi.public,s3.us-east-1",SRX2210910,GSM2335725,Illumina HiSeq 2000,PAIRED,cDNA,TRANSCRIPTOMIC,4227,2732,Homo sapiens,ILLUMINA,2018-01-31T00:00:00Z,SRS1728041,GSM2335725,osteosarcoma,SRP090849,osteosarcoma,primary
SRR4344060,RNA-Seq,202,PRJNA345424,SAMN05862158,GEO,public,sra,"gs,ncbi,s3","gs.US,ncbi.public,s3.us-east-1",SRX2210910,GSM2335725,Illumina HiSeq 2000,PAIRED,cDNA,TRANSCRIPTOMIC,4634,3073,Homo sapiens,ILLUMINA,2018-01-31T00:00:00Z,SRS1728041,GSM2335725,osteosarcoma,SRP090849,osteosarcoma,primary
SRR4344061,RNA-Seq,202,PRJNA345424,SAMN05862157,GEO,public,sra,"gs,ncbi,s3","gs.US,ncbi.public,s3.us-east-1",SRX2210911,GSM2335726,Illumina HiSeq 2000,PAIRED,cDNA,TRANSCRIPTOMIC,4458,3021,Homo sapiens,ILLUMINA,2018-01-31T00:00:00Z,SRS1728042,GSM2335726,osteosarcoma,SRP090849,osteosarcoma,
SRR4344062,RNA-Seq,202,PRJNA345424,SAMN05862157,GEO,public,sra,"gs,ncbi,s3","gs.US,ncbi.public,s3.us-east-1",SRX2210911,GSM2335726,Illumina HiSeq 2000,PAIRED,cDNA,TRANSCRIPTOMIC,4473,3049,Homo sapiens,ILLUMINA,2018-01-31T00:00:00Z,SRS1728042,GSM2335726,osteosarcoma,SRP090849,osteosarcoma,
SRR4344063,RNA-Seq,202,PRJNA345424,SAMN05862157,GEO,public,sra,"gs,ncbi,s3","gs.US,ncbi.public,s3.us-east-1",SRX2210911,GSM2335726,Illumina HiSeq 2000,PAIRED,cDNA,TRANSCRIPTOMIC,4356,2958,Homo sapiens,ILLUMINA,2018-01-31T00:00:00Z,SRS1728042,GSM2335726,osteosarcoma,SRP090849,osteosarcoma,
SRR4344064,RNA-Seq,202,PRJNA345424,SAMN05862156,GEO,public,sra,"gs,ncbi,s3","gs.US,ncbi.public,s3.us-east-1",SRX2210912,GSM2335727,Illumina HiSeq 2000,PAIRED,cDNA,TRANSCRIPTOMIC,3547,2395,Homo sapiens,ILLUMINA,2018-01-31T00:00:00Z,SRS1728043,GSM2335727,osteosarcoma,SRP090849,osteosarcoma,
SRR4344065,RNA-Seq,202,PRJNA345424,SAMN05862156,GEO,public,sra,"gs,ncbi,s3","gs.US,ncbi.public,s3.us-east-1",SRX2210912,GSM2335727,Illumina HiSeq 2000,PAIRED,cDNA,TRANSCRIPTOMIC,3557,2416,Homo sapiens,ILLUMINA,2018-01-31T00:00:00Z,SRS1728043,GSM2335727,osteosarcoma,SRP090849,osteosarcoma,
SRR4344066,RNA-Seq,202,PRJNA345424,SAMN05862156,GEO,public,sra,"gs,ncbi,s3","gs.US,ncbi.public,s3.us-east-1",SRX2210912,GSM2335727,Illumina HiSeq 2000,PAIRED,cDNA,TRANSCRIPTOMIC,3466,2344,Homo sapiens,ILLUMINA,2018-01-31T00:00:00Z,SRS1728043,GSM2335727,osteosarcoma,SRP090849,osteosarcoma,
SRR4344067,RNA-Seq,202,PRJNA345424,SAMN05862155,GEO,public,sra,"gs,ncbi,s3","gs.US,ncbi.public,s3.us-east-1",SRX2210913,GSM2335728,Illumina HiSeq 2000,PAIRED,cDNA,TRANSCRIPTOMIC,3721,2520,Homo sapiens,ILLUMINA,2018-01-31T00:00:00Z,SRS1728044,GSM2335728,osteosarcoma,SRP090849,osteosarcoma,
SRR4344068,RNA-Seq,202,PRJNA345424,SAMN05862155,GEO,public,sra,"gs,ncbi,s3","gs.US,ncbi.public,s3.us-east-1",SRX2210913,GSM2335728,Illumina HiSeq 2000,PAIRED,cDNA,TRANSCRIPTOMIC,3731,2542,Homo sapiens,ILLUMINA,2018-01-31T00:00:00Z,SRS1728044,GSM2335728,osteosarcoma,SRP090849,osteosarcoma,
SRR4344069,RNA-Seq,202,PRJNA345424,SAMN05862155,GEO,public,sra,"gs,ncbi,s3","gs.US,ncbi.public,s3.us-east-1",SRX2210913,GSM2335728,Illumina HiSeq 2000,PAIRED,cDNA,TRANSCRIPTOMIC,3638,2469,Homo sapiens,ILLUMINA,2018-01-31T00:00:00Z,SRS1728044,GSM2335728,osteosarcoma,SRP090849,osteosarcoma,
SRR4344070,RNA-Seq,202,PRJNA345424,SAMN05862154,GEO,public,sra,"gs,ncbi,s3","gs.US,ncbi.public,s3.us-east-1",SRX2210914,GSM2335729,Illumina HiSeq 2000,PAIRED,cDNA,TRANSCRIPTOMIC,3379,2285,Homo sapiens,ILLUMINA,2018-01-31T00:00:00Z,SRS1728045,GSM2335729,osteosarcoma,SRP090849,osteosarcoma,
SRR4344071,RNA-Seq,202,PRJNA345424,SAMN05862154,GEO,public,sra,"gs,ncbi,s3","gs.US,ncbi.public,s3.us-east-1",SRX2210914,GSM2335729,Illumina HiSeq 2000,PAIRED,cDNA,TRANSCRIPTOMIC,3388,2305,Homo sapiens,ILLUMINA,2018-01-31T00:00:00Z,SRS1728045,GSM2335729,osteosarcoma,SRP090849,osteosarcoma,
SRR4344072,RNA-Seq,202,PRJNA345424,SAMN05862154,GEO,public,sra,"gs,ncbi,s3","gs.US,ncbi.public,s3.us-east-1",SRX2210914,GSM2335729,Illumina HiSeq 2000,PAIRED,cDNA,TRANSCRIPTOMIC,3299,2236,Homo sapiens,ILLUMINA,2018-01-31T00:00:00Z,SRS1728045,GSM2335729,osteosarcoma,SRP090849,osteosarcoma,
SRR4344073,RNA-Seq,202,PRJNA345424,SAMN05862153,GEO,public,sra,"gs,ncbi,s3","gs.US,ncbi.public,s3.us-east-1",SRX2210915,GSM2335730,Illumina HiSeq 2000,PAIRED,cDNA,TRANSCRIPTOMIC,3662,2468,Homo sapiens,ILLUMINA,2018-01-31T00:00:00Z,SRS1728046,GSM2335730,normal bone,SRP090849,normal bone,normal bone
SRR4344074,RNA-Seq,202,PRJNA345424,SAMN05862153,GEO,public,sra,"gs,ncbi,s3","gs.US,ncbi.public,s3.us-east-1",SRX2210915,GSM2335730,Illumina HiSeq 2000,PAIRED,cDNA,TRANSCRIPTOMIC,3669,2487,Homo sapiens,ILLUMINA,2018-01-31T00:00:00Z,SRS1728046,GSM2335730,normal bone,SRP090849,normal bone,normal bone
SRR4344075,RNA-Seq,202,PRJNA345424,SAMN05862153,GEO,public,sra,"gs,ncbi,s3","gs.US,ncbi.public,s3.us-east-1",SRX2210915,GSM2335730,Illumina HiSeq 2000,PAIRED,cDNA,TRANSCRIPTOMIC,3579,2416,Homo sapiens,ILLUMINA,2018-01-31T00:00:00Z,SRS1728046,GSM2335730,normal bone,SRP090849,normal bone,normal bone
SRR4344076,RNA-Seq,202,PRJNA345424,SAMN05862152,GEO,public,sra,"gs,ncbi,s3","gs.US,ncbi.public,s3.us-east-1",SRX2210916,GSM2335731,Illumina HiSeq 2000,PAIRED,cDNA,TRANSCRIPTOMIC,4290,2892,Homo sapiens,ILLUMINA,2018-01-31T00:00:00Z,SRS1728047,GSM2335731,normal bone,SRP090849,normal bone,normal bone
SRR4344077,RNA-Seq,202,PRJNA345424,SAMN05862152,GEO,public,sra,"gs,ncbi,s3","gs.US,ncbi.public,s3.us-east-1",SRX2210916,GSM2335731,Illumina HiSeq 2000,PAIRED,cDNA,TRANSCRIPTOMIC,4300,2917,Homo sapiens,ILLUMINA,2018-01-31T00:00:00Z,SRS1728047,GSM2335731,normal bone,SRP090849,normal bone,normal bone
SRR4344078,RNA-Seq,202,PRJNA345424,SAMN05862152,GEO,public,sra,"gs,ncbi,s3","gs.US,ncbi.public,s3.us-east-1",SRX2210916,GSM2335731,Illumina HiSeq 2000,PAIRED,cDNA,TRANSCRIPTOMIC,4194,2833,Homo sapiens,ILLUMINA,2018-01-31T00:00:00Z,SRS1728047,GSM2335731,normal bone,SRP090849,normal bone,normal bone
SRR4344079,RNA-Seq,202,PRJNA345424,SAMN05862151,GEO,public,sra,"gs,ncbi,s3","gs.US,ncbi.public,s3.us-east-1",SRX2210917,GSM2335732,Illumina HiSeq 2000,PAIRED,cDNA,TRANSCRIPTOMIC,3785,2558,Homo sapiens,ILLUMINA,2018-01-31T00:00:00Z,SRS1728048,GSM2335732,normal bone,SRP090849,normal bone,normal bone
SRR4344080,RNA-Seq,202,PRJNA345424,SAMN05862151,GEO,public,sra,"gs,ncbi,s3","gs.US,ncbi.public,s3.us-east-1",SRX2210917,GSM2335732,Illumina HiSeq 2000,PAIRED,cDNA,TRANSCRIPTOMIC,3796,2581,Homo sapiens,ILLUMINA,2018-01-31T00:00:00Z,SRS1728048,GSM2335732,normal bone,SRP090849,normal bone,normal bone
SRR4344081,RNA-Seq,202,PRJNA345424,SAMN05862151,GEO,public,sra,"gs,ncbi,s3","gs.US,ncbi.public,s3.us-east-1",SRX2210917,GSM2335732,Illumina HiSeq 2000,PAIRED,cDNA,TRANSCRIPTOMIC,3700,2505,Homo sapiens,ILLUMINA,2018-01-31T00:00:00Z,SRS1728048,GSM2335732,normal bone,SRP090849,normal bone,normal bone
SRR4344082,RNA-Seq,202,PRJNA345424,SAMN05862150,GEO,public,sra,"gs,ncbi,s3","gs.US,ncbi.public,s3.us-east-1",SRX2210918,GSM2335733,Illumina HiSeq 2000,PAIRED,cDNA,TRANSCRIPTOMIC,3205,2164,Homo sapiens,ILLUMINA,2018-01-31T00:00:00Z,SRS1728049,GSM2335733,osteoblast,SRP090849,osteoblast cell line,cell line
SRR4344083,RNA-Seq,202,PRJNA345424,SAMN05862150,GEO,public,sra,"gs,ncbi,s3","gs.US,ncbi.public,s3.us-east-1",SRX2210918,GSM2335733,Illumina HiSeq 2000,PAIRED,cDNA,TRANSCRIPTOMIC,3212,2182,Homo sapiens,ILLUMINA,2018-01-31T00:00:00Z,SRS1728049,GSM2335733,osteoblast,SRP090849,osteoblast cell line,cell line
SRR4344084,RNA-Seq,202,PRJNA345424,SAMN05862150,GEO,public,sra,"gs,ncbi,s3","gs.US,ncbi.public,s3.us-east-1",SRX2210918,GSM2335733,Illumina HiSeq 2000,PAIRED,cDNA,TRANSCRIPTOMIC,3135,2121,Homo sapiens,ILLUMINA,2018-01-31T00:00:00Z,SRS1728049,GSM2335733,osteoblast,SRP090849,osteoblast cell line,cell line
SRR4344085,RNA-Seq,202,PRJNA345424,SAMN05862149,GEO,public,sra,"gs,ncbi,s3","gs.US,ncbi.public,s3.us-east-1",SRX2210919,GSM2335734,Illumina HiSeq 2000,PAIRED,cDNA,TRANSCRIPTOMIC,3084,2085,Homo sapiens,ILLUMINA,2018-01-31T00:00:00Z,SRS1728050,GSM2335734,saos2,SRP090849,saos2 cell line,cell line
SRR4344086,RNA-Seq,202,PRJNA345424,SAMN05862149,GEO,public,sra,"gs,ncbi,s3","gs.US,ncbi.public,s3.us-east-1",SRX2210919,GSM2335734,Illumina HiSeq 2000,PAIRED,cDNA,TRANSCRIPTOMIC,3093,2103,Homo sapiens,ILLUMINA,2018-01-31T00:00:00Z,SRS1728050,GSM2335734,saos2,SRP090849,saos2 cell line,cell line
SRR4344087,RNA-Seq,202,PRJNA345424,SAMN05862149,GEO,public,sra,"gs,ncbi,s3","gs.US,ncbi.public,s3.us-east-1",SRX2210919,GSM2335734,Illumina HiSeq 2000,PAIRED,cDNA,TRANSCRIPTOMIC,3015,2042,Homo sapiens,ILLUMINA,2018-01-31T00:00:00Z,SRS1728050,GSM2335734,saos2,SRP090849,saos2 cell line,cell line
SRR4344088,RNA-Seq,202,PRJNA345424,SAMN05862148,GEO,public,sra,"gs,ncbi,s3","gs.US,ncbi.public,s3.us-east-1",SRX2210920,GSM2335735,Illumina HiSeq 2000,PAIRED,cDNA,TRANSCRIPTOMIC,3272,2211,Homo sapiens,ILLUMINA,2018-01-31T00:00:00Z,SRS1728051,GSM2335735,u2os,SRP090849,u2os cell line,cell line
SRR4344089,RNA-Seq,202,PRJNA345424,SAMN05862148,GEO,public,sra,"gs,ncbi,s3","gs.US,ncbi.public,s3.us-east-1",SRX2210920,GSM2335735,Illumina HiSeq 2000,PAIRED,cDNA,TRANSCRIPTOMIC,3279,2230,Homo sapiens,ILLUMINA,2018-01-31T00:00:00Z,SRS1728051,GSM2335735,u2os,SRP090849,u2os cell line,cell line
SRR4344090,RNA-Seq,202,PRJNA345424,SAMN05862148,GEO,public,sra,"gs,ncbi,s3","gs.US,ncbi.public,s3.us-east-1",SRX2210920,GSM2335735,Illumina HiSeq 2000,PAIRED,cDNA,TRANSCRIPTOMIC,3195,2163,Homo sapiens,ILLUMINA,2018-01-31T00:00:00Z,SRS1728051,GSM2335735,u2os,SRP090849,u2os cell line,cell line
SRR4344091,RNA-Seq,202,PRJNA345424,SAMN05862147,GEO,public,sra,"gs,ncbi,s3","gs.US,ncbi.public,s3.us-east-1",SRX2210921,GSM2335736,Illumina HiSeq 2000,PAIRED,cDNA,TRANSCRIPTOMIC,3684,2485,Homo sapiens,ILLUMINA,2018-01-31T00:00:00Z,SRS1728052,GSM2335736,mg63,SRP090849,mg63 cell line,cell line
SRR4344092,RNA-Seq,202,PRJNA345424,SAMN05862147,GEO,public,sra,"gs,ncbi,s3","gs.US,ncbi.public,s3.us-east-1",SRX2210921,GSM2335736,Illumina HiSeq 2000,PAIRED,cDNA,TRANSCRIPTOMIC,3691,2505,Homo sapiens,ILLUMINA,2018-01-31T00:00:00Z,SRS1728052,GSM2335736,mg63,SRP090849,mg63 cell line,cell line
SRR4344093,RNA-Seq,202,PRJNA345424,SAMN05862147,GEO,public,sra,"gs,ncbi,s3","gs.US,ncbi.public,s3.us-east-1",SRX2210921,GSM2335736,Illumina HiSeq 2000,PAIRED,cDNA,TRANSCRIPTOMIC,3600,2433,Homo sapiens,ILLUMINA,2018-01-31T00:00:00Z,SRS1728052,GSM2335736,mg63,SRP090849,mg63 cell line,cell line
SRR4344094,RNA-Seq,202,PRJNA345424,SAMN05862146,GEO,public,sra,"gs,ncbi,s3","gs.US,ncbi.public,s3.us-east-1",SRX2210922,GSM2335737,Illumina HiSeq 2000,PAIRED,cDNA,TRANSCRIPTOMIC,3485,2357,Homo sapiens,ILLUMINA,2018-01-31T00:00:00Z,SRS1728053,GSM2335737,143b,SRP090849,143b cell line,cell line
SRR4344095,RNA-Seq,202,PRJNA345424,SAMN05862146,GEO,public,sra,"gs,ncbi,s3","gs.US,ncbi.public,s3.us-east-1",SRX2210922,GSM2335737,Illumina HiSeq 2000,PAIRED,cDNA,TRANSCRIPTOMIC,3493,2377,Homo sapiens,ILLUMINA,2018-01-31T00:00:00Z,SRS1728053,GSM2335737,143b,SRP090849,143b cell line,cell line
SRR4344096,RNA-Seq,202,PRJNA345424,SAMN05862146,GEO,public,sra,"gs,ncbi,s3","gs.US,ncbi.public,s3.us-east-1",SRX2210922,GSM2335737,Illumina HiSeq 2000,PAIRED,cDNA,TRANSCRIPTOMIC,3406,2308,Homo sapiens,ILLUMINA,2018-01-31T00:00:00Z,SRS1728053,GSM2335737,143b,SRP090849,143b cell line,cell line
SRR4343928,RNA-Seq,202,PRJNA345424,SAMN05862190,GEO,public,sra,"gs,ncbi,s3","gs.US,ncbi.public,s3.us-east-1",SRX2210878,GSM2335693,Illumina HiSeq 2000,PAIRED,cDNA,TRANSCRIPTOMIC,1497,936,Homo sapiens,ILLUMINA,2018-01-31T00:00:00Z,SRS1728009,GSM2335693,osteosarcoma,SRP090849,osteosarcoma,primary
SRR4343958,RNA-Seq,202,PRJNA345424,SAMN05862185,GEO,public,sra,"gs,ncbi,s3","gs.US,ncbi.public,s3.us-east-1",SRX2210883,GSM2335698,Illumina HiSeq 2000,PAIRED,cDNA,TRANSCRIPTOMIC,1343,838,Homo sapiens,ILLUMINA,2018-01-31T00:00:00Z,SRS1728014,GSM2335698,osteosarcoma,SRP090849,osteosarcoma,